cell_id,elevation,slope,population,rainfall,poverty_rate,vulnerable_pop_ratio,dist_road_m,dist_health_m,geometry_wkt
WAY_HEX_0000,750.0,7.750894490246067,0,388.1,0.19,0.22,6822.6,7897.5,"MULTIPOLYGON (((75.932152 11.59307, 75.943157 11.593034, 75.948628 11.583619, 75.946791 11.580505, 75.946556 11.58081, 75.946007 11.581184, 75.944626 11.581638, 75.940468 11.583714, 75.940252 11.584374, 75.939998 11.585195, 75.939224 11.587181, 75.93877 11.588374, 75.938372 11.58939, 75.937943 11.589615, 75.937317 11.589603, 75.936352 11.589527, 75.935794 11.589707, 75.934965 11.589936, 75.934884 11.589993, 75.934369 11.590352, 75.933733 11.5903, 75.932806 11.590049, 75.931682 11.58969, 75.930645 11.589531, 75.930194 11.589753, 75.932152 11.59307)))"
WAY_HEX_0001,750.0,10.470546580077343,0,431.7,0.39,0.23,7429.2,9942.3,"MULTIPOLYGON (((75.915674 11.60252, 75.92668 11.602485, 75.932152 11.59307, 75.930194 11.589753, 75.929472 11.590108, 75.928383 11.591104, 75.927684 11.591903, 75.927249 11.59286, 75.9268 11.592176, 75.926135 11.592344, 75.924614 11.592456, 75.923837 11.592095, 75.922816 11.592336, 75.921235 11.593716, 75.919047 11.594354, 75.918228 11.595079, 75.917882 11.596349, 75.917212 11.598011, 75.9166 11.59902, 75.915592 11.599829, 75.914701 11.600365, 75.914439 11.600428, 75.915674 11.60252)))"
WAY_HEX_0002,750.0,6.392814713836192,0,430.7,0.18,0.2,6057.7,8421.0,"MULTIPOLYGON (((75.943157 11.593034, 75.932152 11.59307, 75.92668 11.602485, 75.932214 11.611864, 75.94322 11.611829, 75.948692 11.602414, 75.943157 11.593034)))"
WAY_HEX_0003,750.0,10.131917411648732,150,415.7,0.42,0.31,7056.2,10251.8,"MULTIPOLYGON (((75.910201 11.611935, 75.915674 11.60252, 75.914439 11.600428, 75.913596 11.600628, 75.912706 11.600691, 75.910206 11.601048, 75.909219 11.6017, 75.908575 11.602446, 75.908114 11.603487, 75.907556 11.606135, 75.907084 11.607838, 75.906343 11.60934, 75.90629 11.611022, 75.906031 11.611948, 75.910201 11.611935)))"
WAY_HEX_0004,750.0,6.163766374314978,0,430.5,0.24,0.36,5975.4,9003.4,"MULTIPOLYGON (((75.92668 11.602485, 75.915674 11.60252, 75.910201 11.611935, 75.915735 11.621314, 75.926742 11.621279, 75.932214 11.611864, 75.92668 11.602485)))"
WAY_HEX_0005,750.0,9.24427916707844,0,439.2,0.33,0.2,5789.3,9317.0,"MULTIPOLYGON (((75.910262 11.630729, 75.915735 11.621314, 75.910201 11.611935, 75.906031 11.611948, 75.905882 11.612483, 75.905174 11.613702, 75.904487 11.614374, 75.902889 11.615205, 75.902234 11.615667, 75.901977 11.616392, 75.901837 11.617601, 75.901387 11.619881, 75.900035 11.620953, 75.898747 11.622014, 75.89827 11.622598, 75.898173 11.623123, 75.898114 11.623607, 75.898072 11.624221, 75.897986 11.625498, 75.898259 11.626381, 75.898506 11.627012, 75.899579 11.628709, 75.899692 11.629744, 75.899696 11.630762, 75.910262 11.630729)))"
WAY_HEX_0006,750.0,6.695596879130323,150,391.1,0.37,0.2,4542.3,7103.3,"MULTIPOLYGON (((75.94322 11.611829, 75.932214 11.611864, 75.926742 11.621279, 75.932276 11.630659, 75.943284 11.630623, 75.948755 11.621208, 75.94322 11.611829)))"
WAY_HEX_0007,750.0,8.08795386402047,0,429.2,0.27,0.2,4107.2,7501.1,"MULTIPOLYGON (((75.926742 11.621279, 75.915735 11.621314, 75.910262 11.630729, 75.915796 11.640109, 75.926804 11.640074, 75.932276 11.630659, 75.926742 11.621279)))"
WAY_HEX_0008,750.0,11.287662628117431,0,354.8,0.39,0.37,3395.7,4348.1,"MULTIPOLYGON (((76.047396 11.508103, 76.056468 11.50807, 76.055944 11.505395, 76.05467 11.503704, 76.053551 11.503369, 76.050942 11.504172, 76.049014 11.504844, 76.047569 11.505953, 76.046533 11.506642, 76.047396 11.508103)))"
WAY_HEX_0009,750.0,10.041429238029,0,357.4,0.34,0.19,1839.2,3309.2,"MULTIPOLYGON (((76.030927 11.517558, 76.041929 11.517519, 76.047396 11.508103, 76.046533 11.506642, 76.046486 11.506673, 76.044648 11.507813, 76.043539 11.506143, 76.041985 11.506024, 76.040497 11.50572, 76.038629 11.505152, 76.038272 11.506563, 76.037417 11.508505, 76.035818 11.509684, 76.033978 11.511326, 76.031778 11.512051, 76.030127 11.512651, 76.028634 11.513674, 76.030927 11.517558)))"
WAY_HEX_0010,750.0,9.308838784227856,0,352.6,0.2,0.25,3979.3,4361.9,"MULTIPOLYGON (((76.063934 11.51744, 76.068476 11.517423, 76.067583 11.517101, 76.067298 11.515583, 76.066234 11.514528, 76.064853 11.513338, 76.063633 11.511471, 76.063072 11.510456, 76.061458 11.510288, 76.059267 11.509535, 76.063934 11.51744)))"
WAY_HEX_0011,750.0,7.165034724145612,874,365.9,0.22,0.29,108.0,2802.5,"MULTIPOLYGON (((76.014457 11.527013, 76.02546 11.526975, 76.030927 11.517558, 76.028634 11.513674, 76.027873 11.514194, 76.025421 11.514605, 76.02447 11.514565, 76.023553 11.514526, 76.021001 11.514215, 76.018771 11.514721, 76.01822 11.516406, 76.018142 11.516487, 76.016883 11.517797, 76.015621 11.518464, 76.014618 11.518994, 76.014192 11.521355, 76.012413 11.522308, 76.01171 11.522359, 76.014457 11.527013)))"
WAY_HEX_0012,750.0,9.057900244609842,0,331.7,0.14,0.23,2832.6,3301.1,"MULTIPOLYGON (((76.047396 11.508103, 76.041929 11.517519, 76.047465 11.526896, 76.058468 11.526857, 76.063934 11.51744, 76.059267 11.509535, 76.059086 11.509473, 76.057625 11.509192, 76.056501 11.508242, 76.056468 11.50807, 76.047396 11.508103)))"
WAY_HEX_0013,750.0,7.020737026077001,280,375.8,0.29,0.19,918.7,1678.2,"MULTIPOLYGON (((76.041929 11.517519, 76.030927 11.517558, 76.02546 11.526975, 76.030995 11.536352, 76.041998 11.536313, 76.047465 11.526896, 76.041929 11.517519)))"
WAY_HEX_0014,750.0,7.752860556473115,280,362.4,0.42,0.23,3468.3,3969.6,"MULTIPOLYGON (((76.063934 11.51744, 76.058468 11.526857, 76.064005 11.536233, 76.075008 11.536193, 76.080473 11.526776, 76.078194 11.522916, 76.077141 11.524172, 76.076098 11.524959, 76.075604 11.524901, 76.075147 11.524121, 76.074218 11.523342, 76.072608 11.522078, 76.07226 11.520428, 76.071392 11.518051, 76.069331 11.517731, 76.068476 11.517423, 76.063934 11.51744)))"
WAY_HEX_0015,750.0,9.714237171533725,668,379.2,0.21,0.33,719.3,1797.7,"MULTIPOLYGON (((76.02546 11.526975, 76.014457 11.527013, 76.008989 11.53643, 76.014524 11.545807, 76.025528 11.545769, 76.030995 11.536352, 76.02546 11.526975)))"
WAY_HEX_0016,750.0,6.3804995907900794,0,378.0,0.44,0.29,1526.6,1996.0,"MULTIPOLYGON (((76.058468 11.526857, 76.047465 11.526896, 76.041998 11.536313, 76.047535 11.54569, 76.058538 11.54565, 76.064005 11.536233, 76.058468 11.526857)))"
WAY_HEX_0017,750.0,11.331538157401244,0,388.9,0.32,0.21,1874.8,2298.4,"MULTIPOLYGON (((75.997985 11.536468, 76.008989 11.53643, 76.014457 11.527013, 76.01171 11.522359, 76.011214 11.522395, 76.01095 11.522415, 76.0101 11.52248, 76.007062 11.522601, 76.004408 11.523816, 76.002874 11.525561, 75.999519 11.527337, 75.999266 11.528522, 75.998969 11.529956, 75.997678 11.532653, 75.996807 11.534471, 75.997985 11.536468)))"
WAY_HEX_0018,750.0,9.983370576180242,0,400.3,0.23,0.32,4000.5,1801.1,"MULTIPOLYGON (((75.981513 11.545921, 75.992517 11.545883, 75.997985 11.536468, 75.996807 11.534471, 75.996164 11.535815, 75.994539 11.536794, 75.992559 11.536433, 75.990458 11.537599, 75.988304 11.539013, 75.985222 11.540585, 75.981124 11.540593, 75.979856 11.541604, 75.97925 11.542086, 75.981513 11.545921)))"
WAY_HEX_0019,750.0,5.80903926212571,0,313.0,0.38,0.37,3241.4,5901.6,"MULTIPOLYGON (((76.107869 11.498482, 76.096868 11.498524, 76.091403 11.507941, 76.096941 11.517317, 76.107943 11.517275, 76.113407 11.507858, 76.107869 11.498482)))"
WAY_HEX_0020,750.0,9.125452304129864,1076,339.2,0.27,0.19,1584.0,4195.1,"MULTIPOLYGON (((76.124409 11.507815, 76.113407 11.507858, 76.107943 11.517275, 76.113481 11.526651, 76.124483 11.526609, 76.129947 11.517191, 76.124409 11.507815)))"
WAY_HEX_0021,750.0,8.764280320287357,150,332.0,0.26,0.19,3804.9,5989.5,"MULTIPOLYGON (((76.080473 11.526776, 76.091476 11.526734, 76.096941 11.517317, 76.091403 11.507941, 76.088914 11.50795, 76.088928 11.508669, 76.089592 11.51123, 76.08964 11.512272, 76.088528 11.513464, 76.086186 11.51428, 76.085844 11.513918, 76.083568 11.514358, 76.082342 11.515222, 76.082128 11.517163, 76.081263 11.519254, 76.078194 11.522916, 76.080473 11.526776)))"
WAY_HEX_0022,750.0,10.052222460338896,0,373.8,0.44,0.31,2048.1,4268.7,"MULTIPOLYGON (((76.107943 11.517275, 76.096941 11.517317, 76.091476 11.526734, 76.097014 11.536111, 76.108017 11.536069, 76.113481 11.526651, 76.107943 11.517275)))"
WAY_HEX_0023,750.0,11.21179748540527,0,343.4,0.24,0.26,3398.8,5035.3,"MULTIPOLYGON (((76.091476 11.526734, 76.080473 11.526776, 76.075008 11.536193, 76.080545 11.545569, 76.091548 11.545528, 76.097014 11.536111, 76.091476 11.526734)))"
WAY_HEX_0024,750.0,9.345209745104853,1940,313.3,0.13,0.35,159.0,2304.6,"MULTIPOLYGON (((76.124483 11.526609, 76.113481 11.526651, 76.108017 11.536069, 76.113555 11.545444, 76.124558 11.545402, 76.130022 11.535984, 76.124483 11.526609)))"
WAY_HEX_0025,750.0,10.234265177142804,0,321.7,0.38,0.35,1688.6,3202.3,"MULTIPOLYGON (((76.108017 11.536069, 76.097014 11.536111, 76.091548 11.545528, 76.097087 11.554904, 76.10809 11.554862, 76.113555 11.545444, 76.108017 11.536069)))"
WAY_HEX_0026,750.0,11.444798618602576,465,308.4,0.29,0.35,848.7,1289.9,"MULTIPOLYGON (((76.124558 11.545402, 76.113555 11.545444, 76.10809 11.554862, 76.113629 11.564238, 76.124633 11.564195, 76.130097 11.554777, 76.124558 11.545402)))"
WAY_HEX_0027,750.0,10.955311485127693,0,329.7,0.25,0.18,1777.0,3403.8,"MULTIPOLYGON (((76.091548 11.545528, 76.080545 11.545569, 76.075079 11.554986, 76.080617 11.564363, 76.091621 11.564321, 76.097087 11.554904, 76.091548 11.545528)))"
WAY_HEX_0028,750.0,5.822576726368166,0,325.2,0.21,0.34,830.1,1435.4,"MULTIPOLYGON (((76.10809 11.554862, 76.097087 11.554904, 76.091621 11.564321, 76.09716 11.573697, 76.108164 11.573655, 76.113629 11.564238, 76.10809 11.554862)))"
WAY_HEX_0029,750.0,6.356141391150235,0,401.0,0.39,0.37,5141.7,3017.9,"MULTIPOLYGON (((75.976044 11.555337, 75.981513 11.545921, 75.97925 11.542086, 75.979175 11.542147, 75.976936 11.543932, 75.976706 11.544157, 75.975025 11.54581, 75.974487 11.546339, 75.973785 11.547181, 75.972936 11.54826, 75.971256 11.55072, 75.968792 11.552757, 75.966148 11.55537, 75.976044 11.555337)))"
WAY_HEX_0030,750.0,9.134370538860638,0,373.1,0.17,0.35,2650.4,521.8,"MULTIPOLYGON (((76.008989 11.53643, 75.997985 11.536468, 75.992517 11.545883, 75.998052 11.555262, 76.009056 11.555224, 76.014524 11.545807, 76.008989 11.53643)))"
WAY_HEX_0031,750.0,11.486926044098563,0,381.6,0.39,0.23,3717.5,1794.6,"MULTIPOLYGON (((75.992517 11.545883, 75.981513 11.545921, 75.976044 11.555337, 75.981579 11.564715, 75.992583 11.564678, 75.998052 11.555262, 75.992517 11.545883)))"
WAY_HEX_0032,750.0,7.578710343120471,0,413.5,0.26,0.24,6312.9,4698.1,"MULTIPOLYGON (((75.95957 11.564789, 75.964257 11.556721, 75.961613 11.558105, 75.958763 11.559511, 75.958756 11.559817, 75.959052 11.560434, 75.959419 11.561515, 75.959305 11.563351, 75.959221 11.563809, 75.959122 11.564726, 75.959107 11.56479, 75.95957 11.564789)))"
WAY_HEX_0033,750.0,8.811445124217945,0,394.1,0.25,0.27,5202.1,3843.9,"MULTIPOLYGON (((75.95957 11.564789, 75.965104 11.574168, 75.976109 11.574131, 75.981579 11.564715, 75.976044 11.555337, 75.966148 11.55537, 75.966082 11.555435, 75.965277 11.556011, 75.964292 11.556702, 75.964257 11.556721, 75.95957 11.564789)))"
WAY_HEX_0034,750.0,5.610810076481892,280,381.9,0.24,0.36,1659.5,1534.6,"MULTIPOLYGON (((76.009056 11.555224, 75.998052 11.555262, 75.992583 11.564678, 75.998119 11.574056, 76.009123 11.574018, 76.014592 11.564601, 76.009056 11.555224)))"
WAY_HEX_0035,750.0,8.982479457752303,0,406.7,0.43,0.27,3410.1,3097.2,"MULTIPOLYGON (((75.992583 11.564678, 75.981579 11.564715, 75.976109 11.574131, 75.981644 11.583509, 75.992649 11.583472, 75.998119 11.574056, 75.992583 11.564678)))"
WAY_HEX_0036,750.0,6.142739684996327,150,430.6,0.15,0.32,6366.1,5673.7,"MULTIPOLYGON (((75.948628 11.583619, 75.959634 11.583583, 75.965104 11.574168, 75.95957 11.564789, 75.959107 11.56479, 75.958864 11.565862, 75.958923 11.56679, 75.958687 11.567397, 75.958282 11.56785, 75.957657 11.568297, 75.957573 11.568603, 75.958023 11.569377, 75.95816 11.570299, 75.958061 11.57091, 75.957817 11.571518, 75.957268 11.572349, 75.958112 11.573354, 75.958168 11.573668, 75.958237 11.574206, 75.958138 11.574817, 75.957748 11.575346, 75.957115 11.575793, 75.956413 11.576088, 75.955711 11.576304, 75.955315 11.576834, 75.95507 11.57744, 75.95459 11.578045, 75.954058 11.57882, 75.953851 11.57904, 75.953654 11.57932, 75.953171 11.579846, 75.952682 11.580309, 75.951904 11.580852, 75.95089 11.581042, 75.950279 11.5808, 75.948112 11.580302, 75.947425 11.579907, 75.947197 11.579979, 75.946791 11.580505, 75.948628 11.583619)))"
WAY_HEX_0037,750.0,7.288068224146071,150,376.3,0.21,0.22,1538.4,1131.0,"MULTIPOLYGON (((76.009123 11.574018, 75.998119 11.574056, 75.992649 11.583472, 75.998185 11.59285, 76.009191 11.592811, 76.01466 11.583395, 76.009123 11.574018)))"
WAY_HEX_0038,750.0,10.430688329237675,0,389.6,0.14,0.37,4805.9,4729.0,"MULTIPOLYGON (((75.976109 11.574131, 75.965104 11.574168, 75.959634 11.583583, 75.965169 11.592962, 75.976174 11.592925, 75.981644 11.583509, 75.976109 11.574131)))"
WAY_HEX_0039,750.0,9.001520086176152,1099,366.1,0.27,0.26,145.3,383.9,"MULTIPOLYGON (((76.041998 11.536313, 76.030995 11.536352, 76.025528 11.545769, 76.031064 11.555146, 76.042068 11.555107, 76.047535 11.54569, 76.041998 11.536313)))"
WAY_HEX_0040,750.0,9.312796487462276,0,340.9,0.28,0.32,2817.9,3145.9,"MULTIPOLYGON (((76.075008 11.536193, 76.064005 11.536233, 76.058538 11.54565, 76.064075 11.555027, 76.075079 11.554986, 76.080545 11.545569, 76.075008 11.536193)))"
WAY_HEX_0041,750.0,7.117753738104724,0,372.5,0.22,0.18,1433.4,994.8,"MULTIPOLYGON (((76.025528 11.545769, 76.014524 11.545807, 76.009056 11.555224, 76.014592 11.564601, 76.025596 11.564563, 76.031064 11.555146, 76.025528 11.545769)))"
WAY_HEX_0042,750.0,7.975476619495299,0,347.8,0.24,0.22,1357.2,1362.9,"MULTIPOLYGON (((76.058538 11.54565, 76.047535 11.54569, 76.042068 11.555107, 76.047605 11.564484, 76.058609 11.564444, 76.064075 11.555027, 76.058538 11.54565)))"
WAY_HEX_0043,750.0,9.513527823809957,0,353.4,0.26,0.34,910.8,1644.9,"MULTIPOLYGON (((76.075079 11.554986, 76.064075 11.555027, 76.058609 11.564444, 76.064146 11.573821, 76.075151 11.57378, 76.080617 11.564363, 76.075079 11.554986)))"
WAY_HEX_0044,750.0,6.968530450555643,817,375.3,0.39,0.25,349.1,1260.1,"MULTIPOLYGON (((76.042068 11.555107, 76.031064 11.555146, 76.025596 11.564563, 76.031133 11.57394, 76.042137 11.573901, 76.047605 11.564484, 76.042068 11.555107)))"
WAY_HEX_0045,750.0,10.976199195665416,969,355.7,0.21,0.34,72.1,576.8,"MULTIPOLYGON (((76.058609 11.564444, 76.047605 11.564484, 76.042137 11.573901, 76.047675 11.583278, 76.058679 11.583238, 76.064146 11.573821, 76.058609 11.564444)))"
WAY_HEX_0046,750.0,6.44503767277326,0,370.1,0.42,0.26,123.9,1207.5,"MULTIPOLYGON (((76.025596 11.564563, 76.014592 11.564601, 76.009123 11.574018, 76.01466 11.583395, 76.025665 11.583356, 76.031133 11.57394, 76.025596 11.564563)))"
WAY_HEX_0047,750.0,8.396157916808558,0,349.8,0.18,0.3,1045.2,1675.6,"MULTIPOLYGON (((76.042137 11.573901, 76.031133 11.57394, 76.025665 11.583356, 76.031202 11.592734, 76.042207 11.592694, 76.047675 11.583278, 76.042137 11.573901)))"
WAY_HEX_0048,750.0,10.422167996710112,0,357.3,0.13,0.18,1457.8,2101.0,"MULTIPOLYGON (((76.058679 11.583238, 76.047675 11.583278, 76.042207 11.592694, 76.047745 11.602071, 76.05875 11.602031, 76.064218 11.592614, 76.058679 11.583238)))"
WAY_HEX_0049,750.0,9.613286631084007,0,357.4,0.38,0.22,92.6,2541.1,"MULTIPOLYGON (((76.091621 11.564321, 76.080617 11.564363, 76.075151 11.57378, 76.080689 11.583156, 76.091694 11.583115, 76.09716 11.573697, 76.091621 11.564321)))"
WAY_HEX_0050,750.0,9.606802487007345,0,324.0,0.19,0.35,12.1,1084.0,"MULTIPOLYGON (((76.124633 11.564195, 76.113629 11.564238, 76.108164 11.573655, 76.113704 11.583031, 76.124708 11.582988, 76.130173 11.57357, 76.124633 11.564195)))"
WAY_HEX_0051,750.0,9.748511308566318,0,339.7,0.17,0.2,122.1,1118.8,"MULTIPOLYGON (((76.108164 11.573655, 76.09716 11.573697, 76.091694 11.583115, 76.097233 11.592491, 76.108238 11.592449, 76.113704 11.583031, 76.108164 11.573655)))"
WAY_HEX_0052,750.0,9.944117475905092,150,324.5,0.27,0.25,368.4,1570.8,"MULTIPOLYGON (((76.075151 11.57378, 76.064146 11.573821, 76.058679 11.583238, 76.064218 11.592614, 76.075223 11.592573, 76.080689 11.583156, 76.075151 11.57378)))"
WAY_HEX_0053,750.0,9.918375142501262,0,348.8,0.26,0.24,1551.1,2164.8,"MULTIPOLYGON (((76.124708 11.582988, 76.113704 11.583031, 76.108238 11.592449, 76.113778 11.601824, 76.124783 11.601782, 76.130248 11.592364, 76.124708 11.582988)))"
WAY_HEX_0054,750.0,6.588035879238316,280,352.2,0.2,0.23,508.0,922.0,"MULTIPOLYGON (((76.091694 11.583115, 76.080689 11.583156, 76.075223 11.592573, 76.080761 11.60195, 76.091767 11.601908, 76.097233 11.592491, 76.091694 11.583115)))"
WAY_HEX_0055,750.0,6.385840766839693,0,315.6,0.31,0.2,1213.8,1926.8,"MULTIPOLYGON (((76.108238 11.592449, 76.097233 11.592491, 76.091767 11.601908, 76.097307 11.611284, 76.108312 11.611242, 76.113778 11.601824, 76.108238 11.592449)))"
WAY_HEX_0056,750.0,6.24263589648119,0,339.1,0.4,0.26,798.6,1119.6,"MULTIPOLYGON (((76.075223 11.592573, 76.064218 11.592614, 76.05875 11.602031, 76.064289 11.611408, 76.075295 11.611367, 76.080761 11.60195, 76.075223 11.592573)))"
WAY_HEX_0057,750.0,6.44764841873775,280,325.4,0.3,0.28,1654.7,2544.0,"MULTIPOLYGON (((76.124783 11.601782, 76.113778 11.601824, 76.108312 11.611242, 76.113853 11.620618, 76.124859 11.620575, 76.130324 11.611157, 76.124783 11.601782)))"
WAY_HEX_0058,750.0,9.386799947083254,875,354.0,0.17,0.27,160.4,441.7,"MULTIPOLYGON (((76.091767 11.601908, 76.080761 11.60195, 76.075295 11.611367, 76.080834 11.620743, 76.09184 11.620702, 76.097307 11.611284, 76.091767 11.601908)))"
WAY_HEX_0059,750.0,7.785734260238739,0,397.4,0.43,0.23,2738.7,3082.0,"MULTIPOLYGON (((75.992649 11.583472, 75.981644 11.583509, 75.976174 11.592925, 75.98171 11.602303, 75.992716 11.602266, 75.998185 11.59285, 75.992649 11.583472)))"
WAY_HEX_0060,750.0,6.908104126333586,0,402.5,0.24,0.31,5422.0,6598.7,"MULTIPOLYGON (((75.959634 11.583583, 75.948628 11.583619, 75.943157 11.593034, 75.948692 11.602414, 75.959698 11.602377, 75.965169 11.592962, 75.959634 11.583583)))"
WAY_HEX_0061,750.0,8.402643721760391,0,418.4,0.45,0.33,3401.7,5134.0,"MULTIPOLYGON (((75.976174 11.592925, 75.965169 11.592962, 75.959698 11.602377, 75.965233 11.611756, 75.976239 11.611719, 75.98171 11.602303, 75.976174 11.592925)))"
WAY_HEX_0062,750.0,10.674947750704028,0,370.8,0.4,0.27,680.3,2296.6,"MULTIPOLYGON (((76.009191 11.592811, 75.998185 11.59285, 75.992716 11.602266, 75.998252 11.611644, 76.009258 11.611605, 76.014727 11.602189, 76.009191 11.592811)))"
WAY_HEX_0063,750.0,10.31416270972634,0,411.2,0.44,0.35,4010.8,6345.9,"MULTIPOLYGON (((75.959698 11.602377, 75.948692 11.602414, 75.94322 11.611829, 75.948755 11.621208, 75.959762 11.621171, 75.965233 11.611756, 75.959698 11.602377)))"
WAY_HEX_0064,750.0,6.65442986964403,1032,386.5,0.28,0.27,1499.9,3501.3,"MULTIPOLYGON (((75.992716 11.602266, 75.98171 11.602303, 75.976239 11.611719, 75.981775 11.621097, 75.992782 11.62106, 75.998252 11.611644, 75.992716 11.602266)))"
WAY_HEX_0065,750.0,9.95053612501384,0,396.9,0.34,0.31,1986.1,4273.9,"MULTIPOLYGON (((75.976239 11.611719, 75.965233 11.611756, 75.959762 11.621171, 75.965298 11.63055, 75.976305 11.630513, 75.981775 11.621097, 75.976239 11.611719)))"
WAY_HEX_0066,750.0,9.956761974284412,0,373.5,0.31,0.24,69.6,1789.2,"MULTIPOLYGON (((76.009258 11.611605, 75.998252 11.611644, 75.992782 11.62106, 75.998319 11.630438, 76.009326 11.630399, 76.014795 11.620983, 76.009258 11.611605)))"
WAY_HEX_0067,750.0,7.336766580784252,150,426.0,0.38,0.27,3030.3,5276.6,"MULTIPOLYGON (((75.959762 11.621171, 75.948755 11.621208, 75.943284 11.630623, 75.948819 11.640002, 75.959826 11.639966, 75.965298 11.63055, 75.959762 11.621171)))"
WAY_HEX_0068,750.0,11.368357827555029,0,383.2,0.31,0.25,112.3,2214.1,"MULTIPOLYGON (((75.992782 11.62106, 75.981775 11.621097, 75.976305 11.630513, 75.981841 11.639891, 75.992849 11.639854, 75.998319 11.630438, 75.992782 11.62106)))"
WAY_HEX_0069,750.0,10.341352811967461,1210,371.8,0.19,0.36,142.8,584.2,"MULTIPOLYGON (((76.025665 11.583356, 76.01466 11.583395, 76.009191 11.592811, 76.014727 11.602189, 76.025733 11.60215, 76.031202 11.592734, 76.025665 11.583356)))"
WAY_HEX_0070,750.0,6.6553888341987495,0,372.7,0.38,0.2,177.6,2279.7,"MULTIPOLYGON (((76.042207 11.592694, 76.031202 11.592734, 76.025733 11.60215, 76.031271 11.611528, 76.042277 11.611488, 76.047745 11.602071, 76.042207 11.592694)))"
WAY_HEX_0071,750.0,8.978919642898328,0,361.5,0.24,0.26,361.2,2518.8,"MULTIPOLYGON (((76.025733 11.60215, 76.014727 11.602189, 76.009258 11.611605, 76.014795 11.620983, 76.025802 11.620944, 76.031271 11.611528, 76.025733 11.60215)))"
WAY_HEX_0072,750.0,6.848537754574494,461,339.5,0.34,0.33,102.7,2730.5,"MULTIPOLYGON (((76.05875 11.602031, 76.047745 11.602071, 76.042277 11.611488, 76.047815 11.620865, 76.058821 11.620825, 76.064289 11.611408, 76.05875 11.602031)))"
WAY_HEX_0073,750.0,8.189762947652227,760,368.8,0.22,0.27,263.6,1111.9,"MULTIPOLYGON (((76.042277 11.611488, 76.031271 11.611528, 76.025802 11.620944, 76.03134 11.630321, 76.042347 11.630282, 76.047815 11.620865, 76.042277 11.611488)))"
WAY_HEX_0074,750.0,6.6351352814823805,0,370.4,0.35,0.34,304.8,1416.4,"MULTIPOLYGON (((76.025802 11.620944, 76.014795 11.620983, 76.009326 11.630399, 76.014863 11.639777, 76.025871 11.639738, 76.03134 11.630321, 76.025802 11.620944)))"
WAY_HEX_0075,750.0,9.119565166767948,510,357.2,0.18,0.37,264.7,2183.6,"MULTIPOLYGON (((76.058821 11.620825, 76.047815 11.620865, 76.042347 11.630282, 76.047885 11.639659, 76.058892 11.639618, 76.06436 11.630201, 76.058821 11.620825)))"
WAY_HEX_0076,750.0,7.0159782278315515,0,358.5,0.14,0.24,481.0,872.6,"MULTIPOLYGON (((76.042347 11.630282, 76.03134 11.630321, 76.025871 11.639738, 76.031409 11.649115, 76.042416 11.649075, 76.047885 11.639659, 76.042347 11.630282)))"
WAY_HEX_0077,750.0,8.289615208916464,0,361.1,0.36,0.29,131.6,1425.4,"MULTIPOLYGON (((76.058892 11.639618, 76.047885 11.639659, 76.042416 11.649075, 76.047955 11.658452, 76.058963 11.658412, 76.064432 11.648995, 76.058892 11.639618)))"
WAY_HEX_0078,750.0,9.736311105199615,0,376.1,0.31,0.24,167.5,2010.4,"MULTIPOLYGON (((76.025871 11.639738, 76.014863 11.639777, 76.009394 11.649193, 76.014932 11.658571, 76.02594 11.658532, 76.031409 11.649115, 76.025871 11.639738)))"
WAY_HEX_0079,750.0,9.1202631065455,0,427.2,0.42,0.36,4484.9,8263.0,"MULTIPOLYGON (((75.910323 11.649524, 75.915796 11.640109, 75.910262 11.630729, 75.899696 11.630762, 75.899697 11.63091, 75.899649 11.632124, 75.899788 11.632923, 75.900019 11.635008, 75.900056 11.635828, 75.899477 11.637735, 75.898447 11.640089, 75.897996 11.641434, 75.897653 11.642401, 75.897954 11.643305, 75.899284 11.644419, 75.900056 11.645932, 75.900679 11.647277, 75.902207 11.649549, 75.910323 11.649524)))"
WAY_HEX_0080,750.0,6.353228858862309,0,415.5,0.16,0.34,2476.8,5475.6,"MULTIPOLYGON (((75.943284 11.630623, 75.932276 11.630659, 75.926804 11.640074, 75.932339 11.649453, 75.943347 11.649417, 75.948819 11.640002, 75.943284 11.630623)))"
WAY_HEX_0081,750.0,6.901904131016625,0,414.5,0.4,0.32,2547.8,6333.3,"MULTIPOLYGON (((75.926804 11.640074, 75.915796 11.640109, 75.910323 11.649524, 75.915858 11.658903, 75.926866 11.658868, 75.932339 11.649453, 75.926804 11.640074)))"
WAY_HEX_0082,750.0,7.716286045468494,280,419.5,0.42,0.32,509.1,4260.0,"MULTIPOLYGON (((75.943347 11.649417, 75.932339 11.649453, 75.926866 11.658868, 75.932402 11.668247, 75.94341 11.668211, 75.948883 11.658796, 75.943347 11.649417)))"
WAY_HEX_0083,750.0,9.009529054716339,0,433.7,0.44,0.24,3489.9,7253.6,"MULTIPOLYGON (((75.910384 11.668318, 75.915858 11.658903, 75.910323 11.649524, 75.902207 11.649549, 75.903082 11.650849, 75.90349 11.652657, 75.90349 11.654443, 75.903468 11.655851, 75.903345 11.657012, 75.904219 11.657974, 75.905485 11.660622, 75.905378 11.663185, 75.904992 11.664908, 75.904324 11.668337, 75.910384 11.668318)))"
WAY_HEX_0084,750.0,11.072468246104789,0,426.2,0.42,0.19,2032.7,5518.9,"MULTIPOLYGON (((75.926866 11.658868, 75.915858 11.658903, 75.910384 11.668318, 75.915919 11.677698, 75.926929 11.677662, 75.932402 11.668247, 75.926866 11.658868)))"
WAY_HEX_0085,750.0,10.120097344427357,0,449.6,0.44,0.35,3294.5,6067.2,"MULTIPOLYGON (((75.915919 11.677698, 75.910384 11.668318, 75.904324 11.668337, 75.904198 11.668985, 75.903964 11.669429, 75.902524 11.672158, 75.901773 11.674134, 75.901387 11.675563, 75.90188 11.677496, 75.903382 11.679072, 75.904605 11.679702, 75.905743 11.680648, 75.906451 11.681678, 75.907373 11.682917, 75.908811 11.683548, 75.910227 11.683821, 75.911762 11.684848, 75.915919 11.677698)))"
WAY_HEX_0086,750.0,8.078685071727408,1054,423.4,0.37,0.27,237.2,3588.0,"MULTIPOLYGON (((75.94341 11.668211, 75.932402 11.668247, 75.926929 11.677662, 75.932465 11.687042, 75.943474 11.687006, 75.948947 11.67759, 75.94341 11.668211)))"
WAY_HEX_0087,750.0,8.177452339447447,150,449.0,0.23,0.24,4194.3,4322.4,"MULTIPOLYGON (((75.866466 11.706043, 75.877476 11.70601, 75.879588 11.702378, 75.878448 11.703425, 75.877354 11.704287, 75.876045 11.704287, 75.875165 11.703572, 75.87435 11.702564, 75.873535 11.701807, 75.872912 11.701765, 75.870016 11.701828, 75.867569 11.702102, 75.866189 11.702681, 75.865917 11.702795, 75.865014 11.703583, 75.866466 11.706043)))"
WAY_HEX_0088,750.0,5.911078777764394,0,449.1,0.16,0.2,3957.6,3886.6,"MULTIPOLYGON (((75.877476 11.70601, 75.883011 11.71539, 75.894022 11.715356, 75.899497 11.705941, 75.89535 11.698915, 75.893812 11.699118, 75.892203 11.699538, 75.890765 11.699496, 75.889649 11.699265, 75.889246 11.699243, 75.887761 11.69916, 75.886323 11.699202, 75.8851 11.699251, 75.882161 11.69937, 75.881131 11.700715, 75.880186 11.701828, 75.879588 11.702378, 75.877476 11.70601)))"
WAY_HEX_0089,750.0,9.793299760064048,0,446.7,0.3,0.26,3502.4,3714.1,"MULTIPOLYGON (((75.849979 11.71549, 75.86099 11.715457, 75.866466 11.706043, 75.865014 11.703583, 75.86493 11.703656, 75.863836 11.704623, 75.862741 11.704707, 75.861497 11.70414, 75.858562 11.703074, 75.856519 11.702333, 75.853922 11.70269, 75.851755 11.703656, 75.850511 11.704476, 75.846498 11.70622, 75.845919 11.70746, 75.84588 11.708542, 75.849979 11.71549)))"
WAY_HEX_0090,750.0,8.847755773634926,0,422.0,0.42,0.31,2217.2,4184.1,"MULTIPOLYGON (((75.915981 11.696492, 75.926991 11.696457, 75.932465 11.687042, 75.926929 11.677662, 75.915919 11.677698, 75.911762 11.684848, 75.913746 11.686174, 75.915291 11.687624, 75.915506 11.688948, 75.914756 11.689747, 75.913918 11.691364, 75.913169 11.691727, 75.915981 11.696492)))"
WAY_HEX_0091,750.0,6.867294874427355,0,421.5,0.36,0.23,4010.6,4229.7,"MULTIPOLYGON (((75.899497 11.705941, 75.910507 11.705907, 75.915981 11.696492, 75.913169 11.691727, 75.910399 11.693066, 75.908189 11.694453, 75.9063 11.695, 75.904691 11.695588, 75.903904 11.696106, 75.903447 11.696407, 75.90188 11.697479, 75.90062 11.698575, 75.899649 11.698866, 75.898361 11.698719, 75.896838 11.698719, 75.89535 11.698915, 75.899497 11.705941)))"
WAY_HEX_0092,750.0,10.116816274670327,280,417.8,0.28,0.32,796.8,2157.6,"MULTIPOLYGON (((75.943474 11.687006, 75.932465 11.687042, 75.926991 11.696457, 75.932527 11.705836, 75.943538 11.7058, 75.949011 11.696385, 75.943474 11.687006)))"
WAY_HEX_0093,750.0,7.712156543507615,0,423.4,0.34,0.21,2285.9,3741.2,"MULTIPOLYGON (((75.926991 11.696457, 75.915981 11.696492, 75.910507 11.705907, 75.916043 11.715286, 75.927054 11.715251, 75.932527 11.705836, 75.926991 11.696457)))"
WAY_HEX_0094,750.0,8.752724088274753,776,419.1,0.28,0.35,241.8,2245.8,"MULTIPOLYGON (((75.943538 11.7058, 75.932527 11.705836, 75.927054 11.715251, 75.93259 11.72463, 75.943601 11.724594, 75.949075 11.715179, 75.943538 11.7058)))"
WAY_HEX_0095,750.0,8.883542838184846,0,450.5,0.45,0.22,2689.4,2528.2,"MULTIPOLYGON (((75.910507 11.705907, 75.899497 11.705941, 75.894022 11.715356, 75.899558 11.724736, 75.910569 11.724701, 75.916043 11.715286, 75.910507 11.705907)))"
WAY_HEX_0096,750.0,5.6998953920999575,0,432.3,0.41,0.19,2022.7,2251.7,"MULTIPOLYGON (((75.894022 11.715356, 75.883011 11.71539, 75.877535 11.724804, 75.883071 11.734184, 75.894082 11.73415, 75.899558 11.724736, 75.894022 11.715356)))"
WAY_HEX_0097,750.0,11.043133014697183,150,424.2,0.45,0.19,1422.7,2334.3,"MULTIPOLYGON (((75.927054 11.715251, 75.916043 11.715286, 75.910569 11.724701, 75.916105 11.734081, 75.927116 11.734045, 75.93259 11.72463, 75.927054 11.715251)))"
WAY_HEX_0098,750.0,5.582072551947656,3564,443.2,0.31,0.28,661.4,450.0,"MULTIPOLYGON (((75.910569 11.724701, 75.899558 11.724736, 75.894082 11.73415, 75.899618 11.74353, 75.91063 11.743495, 75.916105 11.734081, 75.910569 11.724701)))"
WAY_HEX_0099,750.0,6.181056481284567,0,467.5,0.26,0.21,481.6,4013.9,"MULTIPOLYGON (((75.828013 11.734349, 75.833491 11.724936, 75.831604 11.721737, 75.831564 11.721789, 75.83092 11.723239, 75.830619 11.724562, 75.829268 11.725129, 75.827722 11.725739, 75.827465 11.726957, 75.825813 11.727377, 75.824847 11.727756, 75.823839 11.729394, 75.821962 11.730992, 75.821729 11.732996, 75.821178 11.733912, 75.819526 11.734059, 75.819229 11.734375, 75.828013 11.734349)))"
WAY_HEX_0100,750.0,10.47541916375237,280,466.8,0.25,0.32,1571.7,5781.4,"MULTIPOLYGON (((75.800511 11.743825, 75.811523 11.743794, 75.813827 11.739836, 75.812638 11.739836, 75.811865 11.739815, 75.811436 11.740487, 75.810986 11.742231, 75.808454 11.742105, 75.806522 11.742462, 75.804763 11.742861, 75.802939 11.743513, 75.801909 11.743681, 75.801677 11.743622, 75.800167 11.743241, 75.800511 11.743825)))"
WAY_HEX_0101,750.0,7.359177274299306,150,499.7,0.43,0.28,2722.2,7052.8,"MULTIPOLYGON (((75.800511 11.743825, 75.800167 11.743241, 75.799076 11.742966, 75.79749 11.742874, 75.796544 11.742819, 75.7953 11.742819, 75.794528 11.742756, 75.794066 11.742998, 75.794066 11.744447, 75.795944 11.745928, 75.797725 11.746727, 75.79841 11.747435, 75.800511 11.743825)))"
WAY_HEX_0102,750.0,6.959662554062059,0,469.2,0.31,0.27,1118.4,4283.3,"MULTIPOLYGON (((75.811523 11.743794, 75.817057 11.753176, 75.828069 11.753144, 75.833547 11.743731, 75.828013 11.734349, 75.819229 11.734375, 75.817594 11.736117, 75.816135 11.737987, 75.815062 11.739311, 75.81399 11.739836, 75.813827 11.739836, 75.811523 11.743794)))"
WAY_HEX_0103,750.0,9.322410258677063,0,488.8,0.26,0.32,2682.9,6165.6,"MULTIPOLYGON (((75.800566 11.76262, 75.811578 11.762589, 75.817057 11.753176, 75.811523 11.743794, 75.800511 11.743825, 75.79841 11.747435, 75.798883 11.747924, 75.800106 11.748975, 75.800342 11.751138, 75.800171 11.751958, 75.798154 11.753029, 75.795836 11.753407, 75.795214 11.753546, 75.800566 11.76262)))"
WAY_HEX_0104,750.0,10.133147162380052,0,478.9,0.44,0.24,4302.7,7881.7,"MULTIPOLYGON (((75.795086 11.772033, 75.800566 11.76262, 75.795214 11.753546, 75.794227 11.753764, 75.792961 11.754878, 75.788991 11.757756, 75.785837 11.758407, 75.784314 11.759668, 75.783949 11.761411, 75.7847 11.763071, 75.785966 11.763491, 75.787489 11.7641, 75.788164 11.765142, 75.788455 11.765592, 75.788584 11.767062, 75.789957 11.771516, 75.789751 11.772048, 75.795086 11.772033)))"
WAY_HEX_0105,750.0,9.165630582558775,0,456.0,0.18,0.3,2166.4,3304.8,"MULTIPOLYGON (((75.833491 11.724936, 75.844502 11.724904, 75.849979 11.71549, 75.84588 11.708542, 75.845833 11.709876, 75.846004 11.712229, 75.845361 11.714099, 75.843387 11.715843, 75.841005 11.718028, 75.83873 11.719247, 75.837207 11.719667, 75.83549 11.719646, 75.832894 11.720066, 75.831604 11.721737, 75.833491 11.724936)))"
WAY_HEX_0106,750.0,7.018979505165703,0,462.4,0.3,0.19,3046.4,3146.9,"MULTIPOLYGON (((75.877476 11.70601, 75.866466 11.706043, 75.86099 11.715457, 75.866524 11.724838, 75.877535 11.724804, 75.883011 11.71539, 75.877476 11.70601)))"
WAY_HEX_0107,750.0,10.598039110689504,0,451.2,0.12,0.36,1794.7,2034.6,"MULTIPOLYGON (((75.86099 11.715457, 75.849979 11.71549, 75.844502 11.724904, 75.850036 11.734285, 75.861048 11.734252, 75.866524 11.724838, 75.86099 11.715457)))"
WAY_HEX_0108,750.0,6.312400088435696,2160,461.6,0.26,0.25,564.1,2645.1,"MULTIPOLYGON (((75.844502 11.724904, 75.833491 11.724936, 75.828013 11.734349, 75.833547 11.743731, 75.844559 11.743698, 75.850036 11.734285, 75.844502 11.724904)))"
WAY_HEX_0109,750.0,9.902889483530258,1518,453.2,0.31,0.26,1132.9,1337.7,"MULTIPOLYGON (((75.877535 11.724804, 75.866524 11.724838, 75.861048 11.734252, 75.866583 11.743632, 75.877595 11.743599, 75.883071 11.734184, 75.877535 11.724804)))"
WAY_HEX_0110,750.0,9.521420157220975,3183,461.1,0.34,0.36,153.1,714.3,"MULTIPOLYGON (((75.861048 11.734252, 75.850036 11.734285, 75.844559 11.743698, 75.850094 11.753079, 75.861106 11.753046, 75.866583 11.743632, 75.861048 11.734252)))"
WAY_HEX_0111,750.0,6.221172075219208,4880,437.4,0.31,0.22,27.6,714.6,"MULTIPOLYGON (((75.894082 11.73415, 75.883071 11.734184, 75.877595 11.743599, 75.883131 11.752979, 75.894143 11.752945, 75.899618 11.74353, 75.894082 11.73415)))"
WAY_HEX_0112,750.0,11.19773146653114,1004,445.0,0.33,0.38,857.2,1270.0,"MULTIPOLYGON (((75.877595 11.743599, 75.866583 11.743632, 75.861106 11.753046, 75.866642 11.762427, 75.877654 11.762393, 75.883131 11.752979, 75.877595 11.743599)))"
WAY_HEX_0113,750.0,9.178265405537555,878,455.9,0.28,0.25,1011.6,2769.1,"MULTIPOLYGON (((75.844559 11.743698, 75.833547 11.743731, 75.828069 11.753144, 75.833604 11.762525, 75.844617 11.762493, 75.850094 11.753079, 75.844559 11.743698)))"
WAY_HEX_0114,750.0,8.668230851791925,6811,452.7,0.22,0.33,129.8,2343.5,"MULTIPOLYGON (((75.861106 11.753046, 75.850094 11.753079, 75.844617 11.762493, 75.850152 11.771874, 75.861165 11.771841, 75.866642 11.762427, 75.861106 11.753046)))"
WAY_HEX_0115,750.0,7.15633553731734,280,487.9,0.17,0.21,1176.7,4844.1,"MULTIPOLYGON (((75.828069 11.753144, 75.817057 11.753176, 75.811578 11.762589, 75.817113 11.77197, 75.828126 11.771939, 75.833604 11.762525, 75.828069 11.753144)))"
WAY_HEX_0116,750.0,8.398924655012797,0,474.2,0.43,0.25,2852.8,6921.2,"MULTIPOLYGON (((75.811578 11.762589, 75.800566 11.76262, 75.795086 11.772033, 75.80062 11.781415, 75.811634 11.781383, 75.817113 11.77197, 75.811578 11.762589)))"
WAY_HEX_0117,750.0,6.910228898905797,0,483.8,0.33,0.28,4247.9,8402.8,"MULTIPOLYGON (((75.79514 11.790827, 75.80062 11.781415, 75.795086 11.772033, 75.789751 11.772048, 75.789626 11.772369, 75.789485 11.772734, 75.788455 11.773721, 75.788219 11.775108, 75.788755 11.776011, 75.790257 11.776851, 75.792575 11.779939, 75.793304 11.782964, 75.794012 11.784686, 75.794012 11.785631, 75.794463 11.788992, 75.793814 11.79047, 75.793669 11.790799, 75.793622 11.790832, 75.79514 11.790827)))"
WAY_HEX_0118,750.0,9.017377810123502,0,477.7,0.2,0.2,1802.0,6089.9,"MULTIPOLYGON (((75.828126 11.771939, 75.817113 11.77197, 75.811634 11.781383, 75.817168 11.790765, 75.828182 11.790733, 75.83366 11.78132, 75.828126 11.771939)))"
WAY_HEX_0119,750.0,9.679261960016163,0,500.2,0.23,0.2,3784.3,7389.3,"MULTIPOLYGON (((75.811634 11.781383, 75.80062 11.781415, 75.79514 11.790827, 75.800674 11.800209, 75.811689 11.800178, 75.817168 11.790765, 75.811634 11.781383)))"
WAY_HEX_0120,750.0,11.45161680701846,150,459.2,0.2,0.23,3162.1,5377.3,"MULTIPOLYGON (((75.828182 11.790733, 75.817168 11.790765, 75.811689 11.800178, 75.817224 11.80956, 75.828238 11.809528, 75.833717 11.800114, 75.828182 11.790733)))"
WAY_HEX_0121,750.0,7.663252867618628,0,487.9,0.28,0.36,4867.8,8137.5,"MULTIPOLYGON (((75.78418 11.809653, 75.795194 11.809622, 75.800674 11.800209, 75.79514 11.790827, 75.793622 11.790832, 75.791287 11.792458, 75.788564 11.793889, 75.788369 11.793991, 75.782747 11.797541, 75.781861 11.798333, 75.781031 11.799074, 75.778723 11.800402, 75.78418 11.809653)))"
WAY_HEX_0122,750.0,6.593290324826379,0,490.8,0.37,0.19,3303.3,6183.0,"MULTIPOLYGON (((75.811689 11.800178, 75.800674 11.800209, 75.795194 11.809622, 75.800729 11.819004, 75.811744 11.818973, 75.817224 11.80956, 75.811689 11.800178)))"
WAY_HEX_0123,750.0,6.027869177311259,5180,437.7,0.28,0.32,77.3,2142.7,"MULTIPOLYGON (((75.894143 11.752945, 75.883131 11.752979, 75.877654 11.762393, 75.883191 11.771773, 75.894204 11.771739, 75.89968 11.762324, 75.894143 11.752945)))"
WAY_HEX_0124,750.0,6.012728113484634,1812,448.9,0.15,0.31,104.9,3174.3,"MULTIPOLYGON (((75.877654 11.762393, 75.866642 11.762427, 75.861165 11.771841, 75.866701 11.781221, 75.877714 11.781187, 75.883191 11.771773, 75.877654 11.762393)))"
WAY_HEX_0125,750.0,6.499874971877413,1520,463.3,0.3,0.24,764.2,4119.4,"MULTIPOLYGON (((75.844617 11.762493, 75.833604 11.762525, 75.828126 11.771939, 75.83366 11.78132, 75.844674 11.781287, 75.850152 11.771874, 75.844617 11.762493)))"
WAY_HEX_0126,750.0,7.748224234157937,780,457.4,0.21,0.29,382.4,4371.7,"MULTIPOLYGON (((75.861165 11.771841, 75.850152 11.771874, 75.844674 11.781287, 75.85021 11.790668, 75.861223 11.790635, 75.866701 11.781221, 75.861165 11.771841)))"
WAY_HEX_0127,750.0,11.35522969084331,0,409.9,0.25,0.26,615.2,4160.7,"MULTIPOLYGON (((75.894204 11.771739, 75.883191 11.771773, 75.877714 11.781187, 75.883251 11.790568, 75.894264 11.790533, 75.899741 11.781119, 75.894204 11.771739)))"
WAY_HEX_0128,750.0,7.093762124167043,0,463.0,0.33,0.22,542.6,5213.4,"MULTIPOLYGON (((75.877714 11.781187, 75.866701 11.781221, 75.861223 11.790635, 75.86676 11.800016, 75.877774 11.799982, 75.883251 11.790568, 75.877714 11.781187)))"
WAY_HEX_0129,750.0,7.354184036935425,491,482.1,0.23,0.25,1340.5,5314.2,"MULTIPOLYGON (((75.844674 11.781287, 75.83366 11.78132, 75.828182 11.790733, 75.833717 11.800114, 75.844731 11.800082, 75.85021 11.790668, 75.844674 11.781287)))"
WAY_HEX_0130,750.0,7.797452194618721,497,455.8,0.14,0.2,375.4,3938.8,"MULTIPOLYGON (((75.861223 11.790635, 75.85021 11.790668, 75.844731 11.800082, 75.850267 11.809463, 75.861282 11.80943, 75.86676 11.800016, 75.861223 11.790635)))"
WAY_HEX_0131,750.0,9.985221728607875,150,438.6,0.29,0.28,336.0,4550.3,"MULTIPOLYGON (((75.894264 11.790533, 75.883251 11.790568, 75.877774 11.799982, 75.883311 11.809362, 75.894325 11.809328, 75.899802 11.799913, 75.894264 11.790533)))"
WAY_HEX_0132,750.0,9.901083939707817,0,479.0,0.3,0.19,1098.2,3445.1,"MULTIPOLYGON (((75.844731 11.800082, 75.833717 11.800114, 75.828238 11.809528, 75.833774 11.818909, 75.844789 11.818876, 75.850267 11.809463, 75.844731 11.800082)))"
WAY_HEX_0133,750.0,10.835882817436318,0,326.9,0.33,0.19,153.6,1144.2,"MULTIPOLYGON (((76.075295 11.611367, 76.064289 11.611408, 76.058821 11.620825, 76.06436 11.630201, 76.075367 11.630161, 76.080834 11.620743, 76.075295 11.611367)))"
WAY_HEX_0134,750.0,10.41159342107471,0,336.7,0.44,0.23,1324.9,1841.1,"MULTIPOLYGON (((76.108312 11.611242, 76.097307 11.611284, 76.09184 11.620702, 76.09738 11.630078, 76.108387 11.630035, 76.113853 11.620618, 76.108312 11.611242)))"
WAY_HEX_0135,750.0,7.530373435192347,0,329.0,0.22,0.37,408.3,469.8,"MULTIPOLYGON (((76.124859 11.620575, 76.113853 11.620618, 76.108387 11.630035, 76.113927 11.639411, 76.124934 11.639368, 76.1304 11.62995, 76.124859 11.620575)))"
WAY_HEX_0136,750.0,8.2957940267321,749,351.7,0.14,0.22,0.3,247.1,"MULTIPOLYGON (((76.09184 11.620702, 76.080834 11.620743, 76.075367 11.630161, 76.080906 11.639537, 76.091913 11.639495, 76.09738 11.630078, 76.09184 11.620702)))"
WAY_HEX_0137,750.0,10.289833762321837,150,357.5,0.25,0.37,761.1,2206.4,"MULTIPOLYGON (((76.075367 11.630161, 76.06436 11.630201, 76.058892 11.639618, 76.064432 11.648995, 76.075439 11.648954, 76.080906 11.639537, 76.075367 11.630161)))"
WAY_HEX_0138,750.0,6.524847713318827,669,343.7,0.24,0.3,23.0,252.1,"MULTIPOLYGON (((76.108387 11.630035, 76.09738 11.630078, 76.091913 11.639495, 76.097454 11.648871, 76.108461 11.648829, 76.113927 11.639411, 76.108387 11.630035)))"
WAY_HEX_0139,750.0,6.697513155884254,150,344.2,0.43,0.35,188.1,1568.3,"MULTIPOLYGON (((76.091913 11.639495, 76.080906 11.639537, 76.075439 11.648954, 76.080979 11.65833, 76.091987 11.658288, 76.097454 11.648871, 76.091913 11.639495)))"
WAY_HEX_0140,750.0,9.88326304879322,150,325.2,0.34,0.18,142.7,1277.6,"MULTIPOLYGON (((76.124934 11.639368, 76.113927 11.639411, 76.108461 11.648829, 76.114002 11.658204, 76.12501 11.658161, 76.130476 11.648743, 76.124934 11.639368)))"
WAY_HEX_0141,750.0,8.136512299656204,0,329.4,0.12,0.22,250.1,904.3,"MULTIPOLYGON (((76.075439 11.648954, 76.064432 11.648995, 76.058963 11.658412, 76.064503 11.667788, 76.075511 11.667747, 76.080979 11.65833, 76.075439 11.648954)))"
WAY_HEX_0142,750.0,7.992101612253932,1047,335.6,0.31,0.33,89.9,1084.0,"MULTIPOLYGON (((76.108461 11.648829, 76.097454 11.648871, 76.091987 11.658288, 76.097528 11.667664, 76.108536 11.667622, 76.114002 11.658204, 76.108461 11.648829)))"
WAY_HEX_0143,750.0,6.930061190608803,0,401.7,0.18,0.24,977.3,3199.2,"MULTIPOLYGON (((75.976305 11.630513, 75.965298 11.63055, 75.959826 11.639966, 75.965363 11.649344, 75.97637 11.649307, 75.981841 11.639891, 75.976305 11.630513)))"
WAY_HEX_0144,750.0,9.656796118503689,956,376.8,0.19,0.3,192.3,418.0,"MULTIPOLYGON (((76.009326 11.630399, 75.998319 11.630438, 75.992849 11.639854, 75.998386 11.649232, 76.009394 11.649193, 76.014863 11.639777, 76.009326 11.630399)))"
WAY_HEX_0145,750.0,10.97905625613726,0,361.1,0.44,0.3,425.1,1125.8,"MULTIPOLYGON (((75.992849 11.639854, 75.981841 11.639891, 75.97637 11.649307, 75.981907 11.658685, 75.992915 11.658648, 75.998386 11.649232, 75.992849 11.639854)))"
WAY_HEX_0146,750.0,7.185146340493024,0,390.6,0.28,0.3,1697.3,3512.6,"MULTIPOLYGON (((75.959826 11.639966, 75.948819 11.640002, 75.943347 11.649417, 75.948883 11.658796, 75.959891 11.65876, 75.965363 11.649344, 75.959826 11.639966)))"
WAY_HEX_0147,750.0,7.398758463746279,0,390.1,0.35,0.3,162.3,599.2,"MULTIPOLYGON (((76.009394 11.649193, 75.998386 11.649232, 75.992915 11.658648, 75.998453 11.668025, 76.009462 11.667987, 76.014932 11.658571, 76.009394 11.649193)))"
WAY_HEX_0148,750.0,9.998626622295042,280,385.5,0.39,0.22,313.7,1826.0,"MULTIPOLYGON (((75.97637 11.649307, 75.965363 11.649344, 75.959891 11.65876, 75.965428 11.668138, 75.976436 11.668101, 75.981907 11.658685, 75.97637 11.649307)))"
WAY_HEX_0149,750.0,11.280148780629073,0,372.4,0.21,0.37,611.2,2196.2,"MULTIPOLYGON (((75.959891 11.65876, 75.948883 11.658796, 75.94341 11.668211, 75.948947 11.67759, 75.959956 11.677554, 75.965428 11.668138, 75.959891 11.65876)))"
WAY_HEX_0150,750.0,6.33047822452714,280,398.4,0.28,0.32,173.8,1614.6,"MULTIPOLYGON (((75.992915 11.658648, 75.981907 11.658685, 75.976436 11.668101, 75.981973 11.677479, 75.992982 11.677441, 75.998453 11.668025, 75.992915 11.658648)))"
WAY_HEX_0151,750.0,8.638358977850178,0,383.1,0.2,0.34,45.8,1416.0,"MULTIPOLYGON (((76.009462 11.667987, 75.998453 11.668025, 75.992982 11.677441, 75.99852 11.686819, 76.00953 11.686781, 76.015 11.677365, 76.009462 11.667987)))"
WAY_HEX_0152,750.0,7.377625233519497,704,396.9,0.21,0.19,238.2,360.3,"MULTIPOLYGON (((75.976436 11.668101, 75.965428 11.668138, 75.959956 11.677554, 75.965493 11.686932, 75.976502 11.686895, 75.981973 11.677479, 75.976436 11.668101)))"
WAY_HEX_0153,750.0,11.15309493199942,756,373.0,0.3,0.31,278.7,1057.5,"MULTIPOLYGON (((76.042416 11.649075, 76.031409 11.649115, 76.02594 11.658532, 76.031478 11.667909, 76.042487 11.667869, 76.047955 11.658452, 76.042416 11.649075)))"
WAY_HEX_0154,750.0,9.98390584223882,0,361.9,0.17,0.2,233.1,1253.4,"MULTIPOLYGON (((76.058963 11.658412, 76.047955 11.658452, 76.042487 11.667869, 76.048026 11.677246, 76.059035 11.677206, 76.064503 11.667788, 76.058963 11.658412)))"
WAY_HEX_0155,750.0,7.029829327003586,0,344.4,0.4,0.33,80.2,1008.9,"MULTIPOLYGON (((76.02594 11.658532, 76.014932 11.658571, 76.009462 11.667987, 76.015 11.677365, 76.026009 11.677325, 76.031478 11.667909, 76.02594 11.658532)))"
WAY_HEX_0156,750.0,10.602678151422074,280,377.2,0.3,0.21,295.4,3047.0,"MULTIPOLYGON (((76.042487 11.667869, 76.031478 11.667909, 76.026009 11.677325, 76.031548 11.686703, 76.042557 11.686663, 76.048026 11.677246, 76.042487 11.667869)))"
WAY_HEX_0157,750.0,7.895406069047217,844,364.8,0.17,0.27,347.8,1373.5,"MULTIPOLYGON (((76.059035 11.677206, 76.048026 11.677246, 76.042557 11.686663, 76.048097 11.696039, 76.059106 11.695999, 76.064575 11.686582, 76.059035 11.677206)))"
WAY_HEX_0158,750.0,5.726834446311805,1075,386.1,0.39,0.37,89.9,2447.8,"MULTIPOLYGON (((76.026009 11.677325, 76.015 11.677365, 76.00953 11.686781, 76.015068 11.696158, 76.026078 11.696119, 76.031548 11.686703, 76.026009 11.677325)))"
WAY_HEX_0159,750.0,7.513820108619652,1037,353.2,0.38,0.2,30.3,858.8,"MULTIPOLYGON (((76.075584 11.686541, 76.064575 11.686582, 76.059106 11.695999, 76.064647 11.705375, 76.075656 11.705334, 76.081125 11.695917, 76.075584 11.686541)))"
WAY_HEX_0160,750.0,10.082005901792177,672,354.5,0.33,0.32,243.9,3444.8,"MULTIPOLYGON (((76.042557 11.686663, 76.031548 11.686703, 76.026078 11.696119, 76.031617 11.705496, 76.042627 11.705456, 76.048097 11.696039, 76.042557 11.686663)))"
WAY_HEX_0161,750.0,8.381608475847838,150,370.7,0.35,0.26,188.7,4317.7,"MULTIPOLYGON (((76.026078 11.696119, 76.015068 11.696158, 76.009598 11.705575, 76.015137 11.714952, 76.026147 11.714913, 76.031617 11.705496, 76.026078 11.696119)))"
WAY_HEX_0162,750.0,10.076431627531463,0,347.3,0.33,0.26,414.2,2777.5,"MULTIPOLYGON (((76.059106 11.695999, 76.048097 11.696039, 76.042627 11.705456, 76.048167 11.714833, 76.059178 11.714793, 76.064647 11.705375, 76.059106 11.695999)))"
WAY_HEX_0163,750.0,11.531311528976655,0,338.9,0.34,0.25,337.6,400.2,"MULTIPOLYGON (((76.091987 11.658288, 76.080979 11.65833, 76.075511 11.667747, 76.081052 11.677123, 76.09206 11.677082, 76.097528 11.667664, 76.091987 11.658288)))"
WAY_HEX_0164,750.0,10.912510278544048,280,339.6,0.18,0.28,790.8,430.2,"MULTIPOLYGON (((76.12501 11.658161, 76.114002 11.658204, 76.108536 11.667622, 76.114077 11.676997, 76.125086 11.676954, 76.130552 11.667536, 76.12501 11.658161)))"
WAY_HEX_0165,750.0,8.753636146005274,630,359.8,0.14,0.28,491.5,692.5,"MULTIPOLYGON (((76.075511 11.667747, 76.064503 11.667788, 76.059035 11.677206, 76.064575 11.686582, 76.075584 11.686541, 76.081052 11.677123, 76.075511 11.667747)))"
WAY_HEX_0166,750.0,10.990069783374494,0,340.1,0.2,0.25,360.3,344.4,"MULTIPOLYGON (((76.108536 11.667622, 76.097528 11.667664, 76.09206 11.677082, 76.097602 11.686457, 76.10861 11.686415, 76.114077 11.676997, 76.108536 11.667622)))"
WAY_HEX_0167,750.0,6.473439149816173,0,334.6,0.14,0.2,561.1,597.1,"MULTIPOLYGON (((76.09206 11.677082, 76.081052 11.677123, 76.075584 11.686541, 76.081125 11.695917, 76.092134 11.695875, 76.097602 11.686457, 76.09206 11.677082)))"
WAY_HEX_0168,750.0,5.875253700740071,0,327.8,0.35,0.25,434.9,952.3,"MULTIPOLYGON (((76.125086 11.676954, 76.114077 11.676997, 76.10861 11.686415, 76.114152 11.69579, 76.125161 11.695747, 76.130628 11.686329, 76.125086 11.676954)))"
WAY_HEX_0169,750.0,7.357344131888077,0,325.6,0.14,0.25,480.7,905.0,"MULTIPOLYGON (((76.141636 11.686286, 76.130628 11.686329, 76.125161 11.695747, 76.130704 11.705122, 76.141714 11.705079, 76.147179 11.69566, 76.141636 11.686286)))"
WAY_HEX_0170,750.0,6.560085213110133,0,349.2,0.35,0.32,613.4,466.4,"MULTIPOLYGON (((76.10861 11.686415, 76.097602 11.686457, 76.092134 11.695875, 76.097676 11.705251, 76.108685 11.705208, 76.114152 11.69579, 76.10861 11.686415)))"
WAY_HEX_0171,750.0,10.48052562089297,0,343.4,0.35,0.27,388.7,1275.8,"MULTIPOLYGON (((76.125161 11.695747, 76.114152 11.69579, 76.108685 11.705208, 76.114228 11.714584, 76.125237 11.71454, 76.130704 11.705122, 76.125161 11.695747)))"
WAY_HEX_0172,750.0,5.763203594919852,845,352.0,0.3,0.36,352.5,1623.9,"MULTIPOLYGON (((76.092134 11.695875, 76.081125 11.695917, 76.075656 11.705334, 76.081198 11.71471, 76.092208 11.714668, 76.097676 11.705251, 76.092134 11.695875)))"
WAY_HEX_0173,750.0,8.002686214396263,150,407.3,0.19,0.21,97.6,954.0,"MULTIPOLYGON (((75.992982 11.677441, 75.981973 11.677479, 75.976502 11.686895, 75.98204 11.696273, 75.993049 11.696235, 75.99852 11.686819, 75.992982 11.677441)))"
WAY_HEX_0174,750.0,9.713989733160286,0,401.1,0.19,0.22,87.6,1982.2,"MULTIPOLYGON (((75.959956 11.677554, 75.948947 11.67759, 75.943474 11.687006, 75.949011 11.696385, 75.96002 11.696348, 75.965493 11.686932, 75.959956 11.677554)))"
WAY_HEX_0175,750.0,9.023765786722873,150,370.0,0.23,0.27,195.2,2335.9,"MULTIPOLYGON (((76.00953 11.686781, 75.99852 11.686819, 75.993049 11.696235, 75.998588 11.705613, 76.009598 11.705575, 76.015068 11.696158, 76.00953 11.686781)))"
WAY_HEX_0176,750.0,8.952950697859784,0,396.4,0.24,0.36,791.6,1292.2,"MULTIPOLYGON (((75.976502 11.686895, 75.965493 11.686932, 75.96002 11.696348, 75.965558 11.705726, 75.976568 11.705689, 75.98204 11.696273, 75.976502 11.686895)))"
WAY_HEX_0177,750.0,7.00659021265308,0,412.7,0.12,0.33,57.4,167.6,"MULTIPOLYGON (((75.96002 11.696348, 75.949011 11.696385, 75.943538 11.7058, 75.949075 11.715179, 75.960085 11.715142, 75.965558 11.705726, 75.96002 11.696348)))"
WAY_HEX_0178,750.0,7.478027579627472,0,402.4,0.13,0.33,50.3,1383.6,"MULTIPOLYGON (((75.993049 11.696235, 75.98204 11.696273, 75.976568 11.705689, 75.982106 11.715067, 75.993116 11.715029, 75.998588 11.705613, 75.993049 11.696235)))"
WAY_HEX_0179,750.0,6.906581014109762,0,397.9,0.21,0.37,282.9,1989.5,"MULTIPOLYGON (((75.976568 11.705689, 75.965558 11.705726, 75.960085 11.715142, 75.965623 11.72452, 75.976634 11.724483, 75.982106 11.715067, 75.976568 11.705689)))"
WAY_HEX_0180,750.0,9.169356409000097,0,386.9,0.45,0.19,764.4,3013.2,"MULTIPOLYGON (((76.009598 11.705575, 75.998588 11.705613, 75.993116 11.715029, 75.998655 11.724407, 76.009666 11.724368, 76.015137 11.714952, 76.009598 11.705575)))"
WAY_HEX_0181,750.0,8.068800382839877,0,411.2,0.37,0.2,114.7,594.2,"MULTIPOLYGON (((75.960085 11.715142, 75.949075 11.715179, 75.943601 11.724594, 75.949139 11.733973, 75.96015 11.733936, 75.965623 11.72452, 75.960085 11.715142)))"
WAY_HEX_0182,750.0,6.4808483912917945,0,373.8,0.24,0.37,269.9,1056.5,"MULTIPOLYGON (((75.993116 11.715029, 75.982106 11.715067, 75.976634 11.724483, 75.982172 11.733861, 75.993183 11.733823, 75.998655 11.724407, 75.993116 11.715029)))"
WAY_HEX_0183,750.0,11.040539099519412,1680,368.6,0.37,0.3,27.7,4207.1,"MULTIPOLYGON (((76.042627 11.705456, 76.031617 11.705496, 76.026147 11.714913, 76.031687 11.72429, 76.042698 11.72425, 76.048167 11.714833, 76.042627 11.705456)))"
WAY_HEX_0184,750.0,6.342848762764362,971,363.3,0.31,0.28,448.1,2502.3,"MULTIPOLYGON (((76.075656 11.705334, 76.064647 11.705375, 76.059178 11.714793, 76.064719 11.724169, 76.075729 11.724128, 76.081198 11.71471, 76.075656 11.705334)))"
WAY_HEX_0185,750.0,6.666670308593337,460,353.3,0.43,0.3,251.1,2367.3,"MULTIPOLYGON (((76.059178 11.714793, 76.048167 11.714833, 76.042698 11.72425, 76.048238 11.733627, 76.059249 11.733586, 76.064719 11.724169, 76.059178 11.714793)))"
WAY_HEX_0186,750.0,9.95357687346301,0,374.4,0.24,0.31,279.7,2130.9,"MULTIPOLYGON (((76.042698 11.72425, 76.031687 11.72429, 76.026217 11.733706, 76.031757 11.743083, 76.042768 11.743043, 76.048238 11.733627, 76.042698 11.72425)))"
WAY_HEX_0187,750.0,7.685065313336416,853,340.5,0.27,0.23,272.8,504.0,"MULTIPOLYGON (((76.075729 11.724128, 76.064719 11.724169, 76.059249 11.733586, 76.064791 11.742962, 76.075802 11.742921, 76.081271 11.733504, 76.075729 11.724128)))"
WAY_HEX_0188,750.0,6.241095509365581,694,375.5,0.43,0.37,59.8,1935.8,"MULTIPOLYGON (((76.026217 11.733706, 76.015206 11.733746, 76.009734 11.743162, 76.015274 11.752539, 76.026286 11.7525, 76.031757 11.743083, 76.026217 11.733706)))"
WAY_HEX_0189,750.0,9.336561275617262,280,354.3,0.28,0.36,59.4,1827.1,"MULTIPOLYGON (((76.059249 11.733586, 76.048238 11.733627, 76.042768 11.743043, 76.048309 11.75242, 76.059321 11.752379, 76.064791 11.742962, 76.059249 11.733586)))"
WAY_HEX_0190,750.0,9.573184490913821,280,342.3,0.38,0.3,281.6,1416.9,"MULTIPOLYGON (((76.075802 11.742921, 76.064791 11.742962, 76.059321 11.752379, 76.064863 11.761756, 76.075875 11.761714, 76.081344 11.752297, 76.075802 11.742921)))"
WAY_HEX_0191,750.0,10.797329360209073,596,357.7,0.16,0.28,15.6,148.5,"MULTIPOLYGON (((76.042768 11.743043, 76.031757 11.743083, 76.026286 11.7525, 76.031827 11.761877, 76.042839 11.761837, 76.048309 11.75242, 76.042768 11.743043)))"
WAY_HEX_0192,750.0,6.284158878244899,2100,362.7,0.33,0.32,233.2,1534.5,"MULTIPOLYGON (((76.026286 11.7525, 76.015274 11.752539, 76.009803 11.761956, 76.015343 11.771333, 76.026356 11.771294, 76.031827 11.761877, 76.026286 11.7525)))"
WAY_HEX_0193,750.0,6.143327465593515,1552,367.6,0.42,0.38,21.4,3421.0,"MULTIPOLYGON (((76.026147 11.714913, 76.015137 11.714952, 76.009666 11.724368, 76.015206 11.733746, 76.026217 11.733706, 76.031687 11.72429, 76.026147 11.714913)))"
WAY_HEX_0194,750.0,11.324713021346927,150,382.1,0.37,0.35,195.4,1907.4,"MULTIPOLYGON (((76.009666 11.724368, 75.998655 11.724407, 75.993183 11.733823, 75.998723 11.743201, 76.009734 11.743162, 76.015206 11.733746, 76.009666 11.724368)))"
WAY_HEX_0195,750.0,5.690992943171658,3192,380.5,0.25,0.27,361.9,1339.1,"MULTIPOLYGON (((75.976634 11.724483, 75.965623 11.72452, 75.96015 11.733936, 75.965688 11.743314, 75.9767 11.743277, 75.982172 11.733861, 75.976634 11.724483)))"
WAY_HEX_0196,750.0,10.05123077935277,2152,375.7,0.23,0.33,36.4,1220.8,"MULTIPOLYGON (((75.993183 11.733823, 75.982172 11.733861, 75.9767 11.743277, 75.982239 11.752655, 75.993251 11.752617, 75.998723 11.743201, 75.993183 11.733823)))"
WAY_HEX_0197,750.0,8.98654551923359,607,399.6,0.27,0.22,42.1,1112.8,"MULTIPOLYGON (((75.9767 11.743277, 75.965688 11.743314, 75.960215 11.75273, 75.965754 11.762108, 75.976766 11.762071, 75.982239 11.752655, 75.9767 11.743277)))"
WAY_HEX_0198,750.0,5.608934234579532,3884,374.9,0.23,0.29,66.8,162.1,"MULTIPOLYGON (((76.009734 11.743162, 75.998723 11.743201, 75.993251 11.752617, 75.998791 11.761995, 76.009803 11.761956, 76.015274 11.752539, 76.009734 11.743162)))"
WAY_HEX_0199,750.0,10.29333952598035,0,376.3,0.2,0.29,79.1,967.8,"MULTIPOLYGON (((75.993251 11.752617, 75.982239 11.752655, 75.976766 11.762071, 75.982306 11.771449, 75.993318 11.771411, 75.998791 11.761995, 75.993251 11.752617)))"
WAY_HEX_0200,750.0,7.078789760225153,1710,382.0,0.24,0.26,1.2,740.2,"MULTIPOLYGON (((75.976766 11.762071, 75.965754 11.762108, 75.96028 11.771524, 75.965819 11.780902, 75.976833 11.780865, 75.982306 11.771449, 75.976766 11.762071)))"
WAY_HEX_0201,750.0,10.337093181844537,1430,389.7,0.24,0.35,133.7,1266.7,"MULTIPOLYGON (((76.009803 11.761956, 75.998791 11.761995, 75.993318 11.771411, 75.998858 11.780788, 76.009871 11.78075, 76.015343 11.771333, 76.009803 11.761956)))"
WAY_HEX_0202,750.0,8.76253419042305,2544,396.8,0.43,0.21,344.7,1330.1,"MULTIPOLYGON (((75.993318 11.771411, 75.982306 11.771449, 75.976833 11.780865, 75.982372 11.790243, 75.993386 11.790205, 75.998858 11.780788, 75.993318 11.771411)))"
WAY_HEX_0203,750.0,9.546796613557673,1408,426.2,0.18,0.33,104.9,1813.5,"MULTIPOLYGON (((75.943601 11.724594, 75.93259 11.72463, 75.927116 11.734045, 75.932654 11.743424, 75.943665 11.743388, 75.949139 11.733973, 75.943601 11.724594)))"
WAY_HEX_0204,750.0,8.739667186890209,648,437.2,0.31,0.18,153.8,1882.1,"MULTIPOLYGON (((75.927116 11.734045, 75.916105 11.734081, 75.91063 11.743495, 75.916167 11.752875, 75.927179 11.752839, 75.932654 11.743424, 75.927116 11.734045)))"
WAY_HEX_0205,750.0,9.093668095993388,0,421.7,0.19,0.38,85.2,899.1,"MULTIPOLYGON (((75.96015 11.733936, 75.949139 11.733973, 75.943665 11.743388, 75.949203 11.752767, 75.960215 11.75273, 75.965688 11.743314, 75.96015 11.733936)))"
WAY_HEX_0206,750.0,9.539789327722438,1784,447.5,0.33,0.27,29.6,1537.8,"MULTIPOLYGON (((75.91063 11.743495, 75.899618 11.74353, 75.894143 11.752945, 75.89968 11.762324, 75.910692 11.76229, 75.916167 11.752875, 75.91063 11.743495)))"
WAY_HEX_0207,750.0,9.516881435032168,2375,431.3,0.16,0.34,231.6,2697.4,"MULTIPOLYGON (((75.943665 11.743388, 75.932654 11.743424, 75.927179 11.752839, 75.932717 11.762218, 75.943729 11.762182, 75.949203 11.752767, 75.943665 11.743388)))"
WAY_HEX_0208,750.0,10.443272831873083,3624,381.7,0.29,0.35,459.2,3154.3,"MULTIPOLYGON (((75.927179 11.752839, 75.916167 11.752875, 75.910692 11.76229, 75.916229 11.771669, 75.927242 11.771633, 75.932717 11.762218, 75.927179 11.752839)))"
WAY_HEX_0209,750.0,7.953394428133418,1546,413.9,0.43,0.33,31.5,1440.8,"MULTIPOLYGON (((75.960215 11.75273, 75.949203 11.752767, 75.943729 11.762182, 75.949268 11.771561, 75.96028 11.771524, 75.965754 11.762108, 75.960215 11.75273)))"
WAY_HEX_0210,750.0,10.776014686875168,3224,434.9,0.18,0.24,810.4,3616.2,"MULTIPOLYGON (((75.910692 11.76229, 75.89968 11.762324, 75.894204 11.771739, 75.899741 11.781119, 75.910754 11.781084, 75.916229 11.771669, 75.910692 11.76229)))"
WAY_HEX_0211,750.0,10.261833070139689,693,426.1,0.21,0.32,960.6,2783.0,"MULTIPOLYGON (((75.943729 11.762182, 75.932717 11.762218, 75.927242 11.771633, 75.93278 11.781012, 75.943793 11.780976, 75.949268 11.771561, 75.943729 11.762182)))"
WAY_HEX_0212,750.0,9.264559207532688,1430,435.4,0.32,0.3,166.9,4314.6,"MULTIPOLYGON (((75.927242 11.771633, 75.916229 11.771669, 75.910754 11.781084, 75.916292 11.790463, 75.927305 11.790428, 75.93278 11.781012, 75.927242 11.771633)))"
WAY_HEX_0213,750.0,9.979871311451673,1096,357.0,0.2,0.34,280.2,1933.0,"MULTIPOLYGON (((76.059321 11.752379, 76.048309 11.75242, 76.042839 11.761837, 76.048381 11.771214, 76.059393 11.771173, 76.064863 11.761756, 76.059321 11.752379)))"
WAY_HEX_0214,750.0,10.076653016206787,1030,359.7,0.43,0.31,1020.4,1801.8,"MULTIPOLYGON (((76.075875 11.761714, 76.064863 11.761756, 76.059393 11.771173, 76.064935 11.780549, 76.075948 11.780508, 76.081417 11.77109, 76.075875 11.761714)))"
WAY_HEX_0215,750.0,6.372111586748625,280,349.8,0.45,0.29,469.2,2035.5,"MULTIPOLYGON (((76.042839 11.761837, 76.031827 11.761877, 76.026356 11.771294, 76.031897 11.780671, 76.04291 11.78063, 76.048381 11.771214, 76.042839 11.761837)))"
WAY_HEX_0216,750.0,6.373198562925936,1482,384.6,0.17,0.23,34.8,2734.9,"MULTIPOLYGON (((76.026356 11.771294, 76.015343 11.771333, 76.009871 11.78075, 76.015412 11.790127, 76.026426 11.790087, 76.031897 11.780671, 76.026356 11.771294)))"
WAY_HEX_0217,750.0,5.812776839772378,638,352.1,0.37,0.35,37.3,282.0,"MULTIPOLYGON (((76.059393 11.771173, 76.048381 11.771214, 76.04291 11.78063, 76.048452 11.790007, 76.059465 11.789966, 76.064935 11.780549, 76.059393 11.771173)))"
WAY_HEX_0218,750.0,5.8647317620849595,1252,369.2,0.44,0.27,167.4,2334.9,"MULTIPOLYGON (((76.04291 11.78063, 76.031897 11.780671, 76.026426 11.790087, 76.031967 11.799464, 76.042981 11.799424, 76.048452 11.790007, 76.04291 11.78063)))"
WAY_HEX_0219,750.0,10.170776406656131,150,355.3,0.17,0.35,130.6,1814.8,"MULTIPOLYGON (((76.075948 11.780508, 76.064935 11.780549, 76.059465 11.789966, 76.065008 11.799342, 76.076021 11.799301, 76.081491 11.789883, 76.075948 11.780508)))"
WAY_HEX_0220,750.0,7.863417364875782,721,381.5,0.41,0.29,33.3,1533.0,"MULTIPOLYGON (((76.026426 11.790087, 76.015412 11.790127, 76.00994 11.799543, 76.015481 11.80892, 76.026495 11.808881, 76.031967 11.799464, 76.026426 11.790087)))"
WAY_HEX_0221,750.0,7.051552431746694,0,358.6,0.3,0.29,154.1,2101.8,"MULTIPOLYGON (((76.059465 11.789966, 76.048452 11.790007, 76.042981 11.799424, 76.048523 11.8088, 76.059537 11.80876, 76.065008 11.799342, 76.059465 11.789966)))"
WAY_HEX_0222,750.0,7.391629602846637,0,383.5,0.43,0.32,165.8,2002.0,"MULTIPOLYGON (((76.042981 11.799424, 76.031967 11.799464, 76.026495 11.808881, 76.032038 11.818258, 76.043052 11.818217, 76.048523 11.8088, 76.042981 11.799424)))"
WAY_HEX_0223,750.0,5.772550219954539,1940,401.3,0.21,0.23,311.6,865.1,"MULTIPOLYGON (((75.96028 11.771524, 75.949268 11.771561, 75.943793 11.780976, 75.949332 11.790355, 75.960346 11.790318, 75.965819 11.780902, 75.96028 11.771524)))"
WAY_HEX_0224,750.0,11.110047154446697,0,439.3,0.24,0.33,28.4,5694.6,"MULTIPOLYGON (((75.910754 11.781084, 75.899741 11.781119, 75.894264 11.790533, 75.899802 11.799913, 75.910816 11.799878, 75.916292 11.790463, 75.910754 11.781084)))"
WAY_HEX_0225,750.0,7.7727233710649095,1069,422.1,0.41,0.36,88.1,2529.8,"MULTIPOLYGON (((75.943793 11.780976, 75.93278 11.781012, 75.927305 11.790428, 75.932844 11.799807, 75.943858 11.79977, 75.949332 11.790355, 75.943793 11.780976)))"
WAY_HEX_0226,750.0,8.544793230980735,715,427.1,0.39,0.28,132.2,4547.8,"MULTIPOLYGON (((75.927305 11.790428, 75.916292 11.790463, 75.910816 11.799878, 75.916354 11.809257, 75.927368 11.809222, 75.932844 11.799807, 75.927305 11.790428)))"
WAY_HEX_0227,750.0,9.22499411508852,150,418.7,0.15,0.32,116.0,1680.0,"MULTIPOLYGON (((75.960346 11.790318, 75.949332 11.790355, 75.943858 11.79977, 75.949397 11.809149, 75.960411 11.809112, 75.965885 11.799696, 75.960346 11.790318)))"
WAY_HEX_0228,750.0,11.423296185802421,150,445.0,0.22,0.2,1557.8,4156.7,"MULTIPOLYGON (((75.910816 11.799878, 75.899802 11.799913, 75.894325 11.809328, 75.899863 11.818707, 75.910878 11.818672, 75.916354 11.809257, 75.910816 11.799878)))"
WAY_HEX_0229,750.0,5.869338337335321,497,414.7,0.23,0.3,734.1,3575.8,"MULTIPOLYGON (((75.943858 11.79977, 75.932844 11.799807, 75.927368 11.809222, 75.932907 11.818601, 75.943922 11.818564, 75.949397 11.809149, 75.943858 11.79977)))"
WAY_HEX_0230,750.0,6.5324582756175404,1091,448.7,0.13,0.29,512.3,4742.4,"MULTIPOLYGON (((75.927368 11.809222, 75.916354 11.809257, 75.910878 11.818672, 75.916417 11.828052, 75.927432 11.828016, 75.932907 11.818601, 75.927368 11.809222)))"
WAY_HEX_0231,750.0,7.185382488538085,769,408.9,0.39,0.31,90.3,3413.8,"MULTIPOLYGON (((75.960411 11.809112, 75.949397 11.809149, 75.943922 11.818564, 75.949462 11.827943, 75.960477 11.827906, 75.965951 11.81849, 75.960411 11.809112)))"
WAY_HEX_0232,750.0,9.450686343205236,0,424.5,0.15,0.22,777.2,5273.8,"MULTIPOLYGON (((75.943922 11.818564, 75.932907 11.818601, 75.927432 11.828016, 75.932971 11.837395, 75.943986 11.837358, 75.949462 11.827943, 75.943922 11.818564)))"
WAY_HEX_0233,750.0,11.489199575824685,0,398.4,0.24,0.32,602.8,1204.1,"MULTIPOLYGON (((75.976833 11.780865, 75.965819 11.780902, 75.960346 11.790318, 75.965885 11.799696, 75.976899 11.799659, 75.982372 11.790243, 75.976833 11.780865)))"
WAY_HEX_0234,750.0,9.358868296064468,2836,408.5,0.33,0.27,171.5,1039.0,"MULTIPOLYGON (((76.009871 11.78075, 75.998858 11.780788, 75.993386 11.790205, 75.998926 11.799582, 76.00994 11.799543, 76.015412 11.790127, 76.009871 11.78075)))"
WAY_HEX_0235,750.0,6.880825879173528,866,390.7,0.35,0.3,143.4,1365.2,"MULTIPOLYGON (((75.993386 11.790205, 75.982372 11.790243, 75.976899 11.799659, 75.982439 11.809037, 75.993453 11.808998, 75.998926 11.799582, 75.993386 11.790205)))"
WAY_HEX_0236,750.0,7.970300324276441,2022,400.6,0.17,0.38,8.3,1996.1,"MULTIPOLYGON (((75.976899 11.799659, 75.965885 11.799696, 75.960411 11.809112, 75.965951 11.81849, 75.976966 11.818452, 75.982439 11.809037, 75.976899 11.799659)))"
WAY_HEX_0237,750.0,8.461047250017014,1934,373.8,0.26,0.29,25.8,790.7,"MULTIPOLYGON (((76.00994 11.799543, 75.998926 11.799582, 75.993453 11.808998, 75.998994 11.818376, 76.010009 11.818337, 76.015481 11.80892, 76.00994 11.799543)))"
WAY_HEX_0238,750.0,10.939090886854373,1356,393.0,0.32,0.27,70.4,225.2,"MULTIPOLYGON (((75.993453 11.808998, 75.982439 11.809037, 75.976966 11.818452, 75.982506 11.82783, 75.993521 11.827792, 75.998994 11.818376, 75.993453 11.808998)))"
WAY_HEX_0239,750.0,6.134253596004264,1046,403.6,0.22,0.23,326.7,1841.2,"MULTIPOLYGON (((75.976966 11.818452, 75.965951 11.81849, 75.960477 11.827906, 75.966017 11.837284, 75.977032 11.837246, 75.982506 11.82783, 75.976966 11.818452)))"
WAY_HEX_0240,750.0,7.83485287527359,280,384.9,0.29,0.3,170.3,1682.3,"MULTIPOLYGON (((76.010009 11.818337, 75.998994 11.818376, 75.993521 11.827792, 75.999063 11.837169, 76.010078 11.83713, 76.015551 11.827714, 76.010009 11.818337)))"
WAY_HEX_0241,750.0,6.177921457652495,882,398.1,0.42,0.29,559.2,637.8,"MULTIPOLYGON (((75.993521 11.827792, 75.982506 11.82783, 75.977032 11.837246, 75.982573 11.846624, 75.993589 11.846586, 75.999063 11.837169, 75.993521 11.827792)))"
WAY_HEX_0242,750.0,10.242622219136148,635,398.3,0.4,0.35,124.1,2309.7,"MULTIPOLYGON (((75.977032 11.837246, 75.966017 11.837284, 75.960542 11.8467, 75.966083 11.856078, 75.977099 11.85604, 75.982573 11.846624, 75.977032 11.837246)))"
WAY_HEX_0243,750.0,5.745342636850765,0,334.2,0.2,0.19,551.5,2102.2,"MULTIPOLYGON (((76.076021 11.799301, 76.065008 11.799342, 76.059537 11.80876, 76.06508 11.818136, 76.076094 11.818094, 76.081565 11.808677, 76.076021 11.799301)))"
WAY_HEX_0244,750.0,7.790074534730489,969,381.7,0.38,0.26,770.9,1320.6,"MULTIPOLYGON (((76.059537 11.80876, 76.048523 11.8088, 76.043052 11.818217, 76.048595 11.827594, 76.059609 11.827553, 76.06508 11.818136, 76.059537 11.80876)))"
WAY_HEX_0245,750.0,8.34849152351102,1546,376.1,0.27,0.33,345.2,986.6,"MULTIPOLYGON (((76.026495 11.808881, 76.015481 11.80892, 76.010009 11.818337, 76.015551 11.827714, 76.026565 11.827674, 76.032038 11.818258, 76.026495 11.808881)))"
WAY_HEX_0246,750.0,6.324764379394745,873,368.9,0.42,0.35,150.6,1116.1,"MULTIPOLYGON (((76.043052 11.818217, 76.032038 11.818258, 76.026565 11.827674, 76.032108 11.837051, 76.043123 11.837011, 76.048595 11.827594, 76.043052 11.818217)))"
WAY_HEX_0247,750.0,9.955587378153698,1047,342.8,0.17,0.33,351.0,826.6,"MULTIPOLYGON (((76.076094 11.818094, 76.06508 11.818136, 76.059609 11.827553, 76.065153 11.836929, 76.076168 11.836887, 76.081638 11.82747, 76.076094 11.818094)))"
WAY_HEX_0248,750.0,5.93565353977394,0,378.6,0.32,0.21,334.2,1590.6,"MULTIPOLYGON (((76.026565 11.827674, 76.015551 11.827714, 76.010078 11.83713, 76.01562 11.846508, 76.026636 11.846468, 76.032108 11.837051, 76.026565 11.827674)))"
WAY_HEX_0249,750.0,8.446560309487225,0,361.9,0.29,0.33,365.5,1516.5,"MULTIPOLYGON (((76.059609 11.827553, 76.048595 11.827594, 76.043123 11.837011, 76.048666 11.846387, 76.059682 11.846346, 76.065153 11.836929, 76.059609 11.827553)))"
WAY_HEX_0250,750.0,8.672876655103018,679,344.8,0.39,0.19,75.5,2664.5,"MULTIPOLYGON (((76.043123 11.837011, 76.032108 11.837051, 76.026636 11.846468, 76.032179 11.855845, 76.043194 11.855804, 76.048666 11.846387, 76.043123 11.837011)))"
WAY_HEX_0251,750.0,5.918479108952761,3159,351.3,0.26,0.26,233.7,503.6,"MULTIPOLYGON (((76.076168 11.836887, 76.065153 11.836929, 76.059682 11.846346, 76.065226 11.855722, 76.076241 11.855681, 76.081712 11.846263, 76.076168 11.836887)))"
WAY_HEX_0252,750.0,7.197177123665264,0,380.5,0.44,0.25,888.8,3528.9,"MULTIPOLYGON (((76.026636 11.846468, 76.01562 11.846508, 76.010147 11.855924, 76.01569 11.865301, 76.026706 11.865261, 76.032179 11.855845, 76.026636 11.846468)))"
WAY_HEX_0253,750.0,10.392937899053175,573,430.6,0.38,0.19,1247.4,2664.6,"MULTIPOLYGON (((75.910878 11.818672, 75.899863 11.818707, 75.894386 11.828122, 75.899925 11.837502, 75.91094 11.837466, 75.916417 11.828052, 75.910878 11.818672)))"
WAY_HEX_0254,750.0,8.943026957583523,971,450.0,0.44,0.29,214.3,4073.1,"MULTIPOLYGON (((75.927495 11.84681, 75.932971 11.837395, 75.927432 11.828016, 75.916417 11.828052, 75.91094 11.837466, 75.915809 11.845711, 75.915871 11.8457, 75.917738 11.846309, 75.919354 11.846836, 75.925418 11.846817, 75.925484 11.845795, 75.925634 11.844965, 75.925655 11.844314, 75.925945 11.843096, 75.926846 11.842907, 75.927275 11.843274, 75.927533 11.844776, 75.9274 11.845319, 75.927168 11.846267, 75.927005 11.846811, 75.927495 11.84681)))"
WAY_HEX_0255,750.0,10.62987668529265,542,411.1,0.28,0.19,207.8,3919.5,"MULTIPOLYGON (((75.960477 11.827906, 75.949462 11.827943, 75.943986 11.837358, 75.949526 11.846737, 75.960542 11.8467, 75.966017 11.837284, 75.960477 11.827906)))"
WAY_HEX_0256,750.0,7.365268543517792,0,410.4,0.42,0.35,962.0,5867.6,"MULTIPOLYGON (((75.943986 11.837358, 75.932971 11.837395, 75.927495 11.84681, 75.933035 11.856189, 75.944051 11.856152, 75.949526 11.846737, 75.943986 11.837358)))"
WAY_HEX_0257,750.0,8.960453299792357,0,421.8,0.25,0.2,184.8,2383.0,"MULTIPOLYGON (((75.91094 11.837466, 75.899925 11.837502, 75.896633 11.843159, 75.9004 11.843285, 75.904219 11.843852, 75.906258 11.84444, 75.907781 11.845028, 75.909669 11.845637, 75.911579 11.845952, 75.913167 11.846162, 75.915809 11.845711, 75.91094 11.837466)))"
WAY_HEX_0258,750.0,8.785728514886184,0,423.3,0.37,0.21,1613.0,5044.9,"MULTIPOLYGON (((75.927558 11.865604, 75.933035 11.856189, 75.927495 11.84681, 75.927005 11.846811, 75.926911 11.847128, 75.92646 11.847832, 75.926245 11.848672, 75.926117 11.850331, 75.926471 11.852, 75.92719 11.853113, 75.927565 11.854121, 75.928799 11.856788, 75.929314 11.857859, 75.930108 11.858069, 75.930419 11.858626, 75.930387 11.859329, 75.929872 11.860516, 75.928863 11.862007, 75.928516 11.862335, 75.927876 11.862941, 75.927136 11.863214, 75.926374 11.863729, 75.925602 11.864621, 75.924588 11.865614, 75.927558 11.865604)), ((75.919354 11.846836, 75.91954 11.846897, 75.920699 11.847086, 75.9219 11.847065, 75.923788 11.847296, 75.925409 11.84696, 75.925418 11.846817, 75.919354 11.846836)))"
WAY_HEX_0259,750.0,10.904569135646824,2136,394.9,0.19,0.31,353.7,4345.8,"MULTIPOLYGON (((75.960542 11.8467, 75.949526 11.846737, 75.944051 11.856152, 75.949591 11.865531, 75.960608 11.865494, 75.966083 11.856078, 75.960542 11.8467)))"
WAY_HEX_0260,750.0,10.001814030478211,0,387.7,0.36,0.32,1427.5,6409.1,"MULTIPOLYGON (((75.944051 11.856152, 75.933035 11.856189, 75.927558 11.865604, 75.933099 11.874983, 75.944116 11.874946, 75.949591 11.865531, 75.944051 11.856152)))"
WAY_HEX_0261,750.0,11.223859321086675,0,413.3,0.14,0.33,1631.1,5464.0,"MULTIPOLYGON (((75.960608 11.865494, 75.949591 11.865531, 75.944116 11.874946, 75.949656 11.884325, 75.960674 11.884287, 75.966149 11.874872, 75.960608 11.865494)))"
WAY_HEX_0262,750.0,6.117645178011941,0,381.8,0.39,0.19,201.3,1457.5,"MULTIPOLYGON (((76.010078 11.83713, 75.999063 11.837169, 75.993589 11.846586, 75.999131 11.855963, 76.010147 11.855924, 76.01562 11.846508, 76.010078 11.83713)))"
WAY_HEX_0263,750.0,11.000493963013135,691,387.4,0.39,0.2,573.4,1659.1,"MULTIPOLYGON (((75.993589 11.846586, 75.982573 11.846624, 75.977099 11.85604, 75.982641 11.865418, 75.993657 11.865379, 75.999131 11.855963, 75.993589 11.846586)))"
WAY_HEX_0264,750.0,11.138075680580167,0,388.0,0.2,0.28,1855.0,2962.5,"MULTIPOLYGON (((76.010147 11.855924, 75.999131 11.855963, 75.993657 11.865379, 75.999199 11.874757, 76.010216 11.874718, 76.01569 11.865301, 76.010147 11.855924)))"
WAY_HEX_0265,750.0,8.544340712763402,150,413.3,0.16,0.35,1590.1,3461.8,"MULTIPOLYGON (((75.977099 11.85604, 75.966083 11.856078, 75.960608 11.865494, 75.966149 11.874872, 75.977166 11.874834, 75.982641 11.865418, 75.977099 11.85604)))"
WAY_HEX_0266,750.0,10.86316400571851,0,398.0,0.27,0.19,2613.1,3704.3,"MULTIPOLYGON (((75.993657 11.865379, 75.982641 11.865418, 75.977166 11.874834, 75.982708 11.884212, 75.993725 11.884173, 75.999199 11.874757, 75.993657 11.865379)))"
WAY_HEX_0267,750.0,6.44392935283471,0,384.9,0.28,0.3,1121.4,3983.2,"MULTIPOLYGON (((76.010216 11.874718, 75.999199 11.874757, 75.993725 11.884173, 75.999268 11.89355, 76.010285 11.893511, 76.015759 11.884095, 76.010216 11.874718)))"
WAY_HEX_0268,750.0,7.892343779444185,0,384.2,0.28,0.24,3189.5,5222.3,"MULTIPOLYGON (((75.977166 11.874834, 75.966149 11.874872, 75.960674 11.884287, 75.966215 11.893665, 75.977233 11.893628, 75.982708 11.884212, 75.977166 11.874834)))"
WAY_HEX_0269,750.0,10.086741905594636,0,401.9,0.14,0.2,3709.3,7033.1,"MULTIPOLYGON (((75.960674 11.884287, 75.949656 11.884325, 75.94418 11.89374, 75.949722 11.903118, 75.96074 11.903081, 75.966215 11.893665, 75.960674 11.884287)))"
WAY_HEX_0270,750.0,9.295231149045039,280,382.7,0.16,0.2,1319.3,5058.1,"MULTIPOLYGON (((75.993725 11.884173, 75.982708 11.884212, 75.977233 11.893628, 75.982775 11.903005, 75.993793 11.902967, 75.999268 11.89355, 75.993725 11.884173)))"
WAY_HEX_0271,750.0,10.68762306102975,280,374.6,0.38,0.27,159.3,3052.5,"MULTIPOLYGON (((76.010285 11.893511, 75.999268 11.89355, 75.993793 11.902967, 75.999337 11.912344, 76.010355 11.912305, 76.015829 11.902888, 76.010285 11.893511)))"
WAY_HEX_0272,750.0,9.539946076155513,1226,363.2,0.23,0.37,482.5,1568.0,"MULTIPOLYGON (((76.059682 11.846346, 76.048666 11.846387, 76.043194 11.855804, 76.048738 11.865181, 76.059754 11.865139, 76.065226 11.855722, 76.059682 11.846346)))"
WAY_HEX_0273,750.0,5.649615191406499,0,350.2,0.15,0.2,222.8,1747.6,"MULTIPOLYGON (((76.076241 11.855681, 76.065226 11.855722, 76.059754 11.865139, 76.065299 11.874515, 76.076315 11.874474, 76.081786 11.865056, 76.076241 11.855681)))"
WAY_HEX_0274,750.0,6.959226858932874,0,365.3,0.32,0.34,1224.5,3643.5,"MULTIPOLYGON (((76.043194 11.855804, 76.032179 11.855845, 76.026706 11.865261, 76.032249 11.874638, 76.043266 11.874598, 76.048738 11.865181, 76.043194 11.855804)))"
WAY_HEX_0275,750.0,11.170981108244074,0,343.1,0.18,0.32,516.7,3094.0,"MULTIPOLYGON (((76.059754 11.865139, 76.048738 11.865181, 76.043266 11.874598, 76.04881 11.883974, 76.059827 11.883933, 76.065299 11.874515, 76.059754 11.865139)))"
WAY_HEX_0276,750.0,8.112854159699602,0,389.9,0.2,0.29,1209.5,3844.2,"MULTIPOLYGON (((76.026706 11.865261, 76.01569 11.865301, 76.010216 11.874718, 76.015759 11.884095, 76.026776 11.884055, 76.032249 11.874638, 76.026706 11.865261)))"
WAY_HEX_0277,750.0,5.7133221468887685,0,367.6,0.12,0.25,324.5,2676.0,"MULTIPOLYGON (((76.043266 11.874598, 76.032249 11.874638, 76.026776 11.884055, 76.03232 11.893431, 76.043337 11.893391, 76.04881 11.883974, 76.043266 11.874598)))"
WAY_HEX_0278,750.0,8.609882664961297,0,359.4,0.22,0.18,634.2,3805.4,"MULTIPOLYGON (((76.076315 11.874474, 76.065299 11.874515, 76.059827 11.883933, 76.065372 11.893309, 76.076389 11.893267, 76.08186 11.883849, 76.076315 11.874474)))"
WAY_HEX_0279,750.0,10.295532882485336,0,343.2,0.41,0.35,1068.0,2854.5,"MULTIPOLYGON (((76.059827 11.883933, 76.04881 11.883974, 76.043337 11.893391, 76.048882 11.902767, 76.0599 11.902726, 76.065372 11.893309, 76.059827 11.883933)))"
WAY_HEX_0280,750.0,10.203986932152382,0,392.3,0.37,0.35,675.8,1982.1,"MULTIPOLYGON (((76.026776 11.884055, 76.015759 11.884095, 76.010285 11.893511, 76.015829 11.902888, 76.026847 11.902848, 76.03232 11.893431, 76.026776 11.884055)))"
WAY_HEX_0281,750.0,9.615639382912416,1019,372.6,0.41,0.32,47.8,790.0,"MULTIPOLYGON (((76.043337 11.893391, 76.03232 11.893431, 76.026847 11.902848, 76.032391 11.912225, 76.043409 11.912184, 76.048882 11.902767, 76.043337 11.893391)))"
WAY_HEX_0282,750.0,8.077135199680262,0,340.3,0.42,0.3,3371.4,6476.6,"MULTIPOLYGON (((76.10944 11.893139, 76.098423 11.893182, 76.092952 11.9026, 76.098499 11.911975, 76.109516 11.911932, 76.113203 11.905584, 76.113304 11.899669, 76.10944 11.893139)))"
WAY_HEX_0283,750.0,5.876142236058789,0,340.0,0.23,0.25,4618.7,6429.9,"MULTIPOLYGON (((76.109516 11.911932, 76.113276 11.918285, 76.113263 11.917021, 76.113166 11.907769, 76.113203 11.905584, 76.109516 11.911932)))"
WAY_HEX_0284,750.0,8.707459452220103,0,330.3,0.32,0.32,2122.5,4561.7,"MULTIPOLYGON (((76.092952 11.9026, 76.081935 11.902642, 76.076463 11.91206, 76.082009 11.921435, 76.093027 11.921393, 76.098499 11.911975, 76.092952 11.9026)))"
WAY_HEX_0285,750.0,8.684157093220719,0,341.5,0.36,0.25,4066.7,5109.3,"MULTIPOLYGON (((76.109516 11.911932, 76.098499 11.911975, 76.093027 11.921393, 76.098574 11.930768, 76.109593 11.930725, 76.113028 11.924811, 76.113279 11.918574, 76.113276 11.918285, 76.109516 11.911932)))"
WAY_HEX_0286,750.0,8.64517774705158,0,328.8,0.35,0.2,4859.6,5442.3,"MULTIPOLYGON (((76.109593 11.930725, 76.112646 11.935884, 76.112657 11.934025, 76.113028 11.924811, 76.109593 11.930725)))"
WAY_HEX_0287,750.0,7.023801323428805,0,363.9,0.35,0.24,2225.8,3052.4,"MULTIPOLYGON (((76.093027 11.921393, 76.082009 11.921435, 76.076537 11.930853, 76.082084 11.940228, 76.093103 11.940186, 76.098574 11.930768, 76.093027 11.921393)))"
WAY_HEX_0288,750.0,11.385803527516313,0,335.9,0.36,0.23,4107.4,4336.0,"MULTIPOLYGON (((76.109593 11.930725, 76.098574 11.930768, 76.093103 11.940186, 76.09865 11.949561, 76.109669 11.949518, 76.112596 11.94448, 76.11263 11.93867, 76.112646 11.935884, 76.109593 11.930725)))"
WAY_HEX_0289,750.0,9.403549881670106,0,330.5,0.27,0.32,5033.9,5138.6,"MULTIPOLYGON (((76.109669 11.949518, 76.112486 11.954276, 76.11258 11.947217, 76.112596 11.94448, 76.109669 11.949518)))"
WAY_HEX_0290,750.0,6.725875524223938,615,361.1,0.38,0.34,263.7,4215.2,"MULTIPOLYGON (((76.076389 11.893267, 76.065372 11.893309, 76.0599 11.902726, 76.065445 11.912102, 76.076463 11.91206, 76.081935 11.902642, 76.076389 11.893267)))"
WAY_HEX_0291,750.0,5.748571544135263,0,366.1,0.28,0.2,828.3,1300.4,"MULTIPOLYGON (((76.026847 11.902848, 76.015829 11.902888, 76.010355 11.912305, 76.015899 11.921682, 76.026917 11.921642, 76.032391 11.912225, 76.026847 11.902848)))"
WAY_HEX_0292,750.0,8.505155241548394,0,358.7,0.33,0.21,647.4,2433.8,"MULTIPOLYGON (((76.0599 11.902726, 76.048882 11.902767, 76.043409 11.912184, 76.048954 11.92156, 76.059972 11.921519, 76.065445 11.912102, 76.0599 11.902726)))"
WAY_HEX_0293,750.0,9.702374005722476,0,334.9,0.13,0.28,504.1,2852.1,"MULTIPOLYGON (((76.076463 11.91206, 76.065445 11.912102, 76.059972 11.921519, 76.065518 11.930895, 76.076537 11.930853, 76.082009 11.921435, 76.076463 11.91206)))"
WAY_HEX_0294,750.0,7.0195227462037275,0,358.5,0.14,0.27,1904.2,1638.1,"MULTIPOLYGON (((76.043409 11.912184, 76.032391 11.912225, 76.026917 11.921642, 76.032462 11.931018, 76.043481 11.930978, 76.048954 11.92156, 76.043409 11.912184)))"
WAY_HEX_0295,750.0,10.765615259360441,150,358.5,0.17,0.26,1110.7,2016.1,"MULTIPOLYGON (((76.059972 11.921519, 76.048954 11.92156, 76.043481 11.930978, 76.049026 11.940354, 76.060045 11.940312, 76.065518 11.930895, 76.059972 11.921519)))"
WAY_HEX_0296,750.0,6.920847840201841,150,350.0,0.29,0.21,2856.1,2839.2,"MULTIPOLYGON (((76.026917 11.921642, 76.015899 11.921682, 76.010424 11.931098, 76.015969 11.940475, 76.026988 11.940435, 76.032462 11.931018, 76.026917 11.921642)))"
WAY_HEX_0297,750.0,5.885381321507005,280,358.7,0.15,0.34,1597.8,2874.7,"MULTIPOLYGON (((76.049026 11.940354, 76.043481 11.930978, 76.032462 11.931018, 76.026988 11.940435, 76.027652 11.941558, 76.027962 11.940955, 76.031854 11.939805, 76.033644 11.940088, 76.037704 11.943103, 76.038961 11.945017, 76.040292 11.945728, 76.04226 11.945946, 76.043967 11.949058, 76.049026 11.940354)))"
WAY_HEX_0298,750.0,10.020763077292955,0,348.4,0.39,0.31,734.4,993.1,"MULTIPOLYGON (((76.076537 11.930853, 76.065518 11.930895, 76.060045 11.940312, 76.065592 11.949688, 76.076611 11.949646, 76.082084 11.940228, 76.076537 11.930853)))"
WAY_HEX_0299,750.0,9.345732365913115,0,367.4,0.17,0.32,3366.6,3911.5,"MULTIPOLYGON (((76.026988 11.940435, 76.015969 11.940475, 76.015584 11.941136, 76.016181 11.940971, 76.018714 11.942028, 76.020555 11.942593, 76.022068 11.943996, 76.026077 11.94345, 76.027262 11.94232, 76.027652 11.941558, 76.026988 11.940435)))"
WAY_HEX_0300,750.0,7.045031200342128,280,389.5,0.25,0.35,2221.7,6625.8,"MULTIPOLYGON (((75.977233 11.893628, 75.966215 11.893665, 75.96074 11.903081, 75.966282 11.912459, 75.9773 11.912421, 75.982775 11.903005, 75.977233 11.893628)))"
WAY_HEX_0301,750.0,6.7289657157627385,280,442.0,0.13,0.21,3987.3,8417.7,"MULTIPOLYGON (((75.96074 11.903081, 75.949722 11.903118, 75.944245 11.912534, 75.949787 11.921912, 75.960806 11.921875, 75.966282 11.912459, 75.96074 11.903081)))"
WAY_HEX_0302,750.0,5.617080572717636,557,402.7,0.26,0.27,560.1,4828.5,"MULTIPOLYGON (((75.993793 11.902967, 75.982775 11.903005, 75.9773 11.912421, 75.982843 11.921799, 75.993862 11.92176, 75.999337 11.912344, 75.993793 11.902967)))"
WAY_HEX_0303,750.0,9.509026756436423,150,406.2,0.34,0.27,2624.7,6778.8,"MULTIPOLYGON (((75.9773 11.912421, 75.966282 11.912459, 75.960806 11.921875, 75.966348 11.931253, 75.977367 11.931215, 75.982843 11.921799, 75.9773 11.912421)))"
WAY_HEX_0304,750.0,5.726696363623225,0,377.6,0.17,0.28,1336.2,3371.6,"MULTIPOLYGON (((76.010355 11.912305, 75.999337 11.912344, 75.993862 11.92176, 75.999405 11.931138, 76.010424 11.931098, 76.015899 11.921682, 76.010355 11.912305)))"
WAY_HEX_0305,750.0,8.816106151559326,150,406.5,0.21,0.27,4701.2,8788.9,"MULTIPOLYGON (((75.966348 11.931253, 75.960806 11.921875, 75.949787 11.921912, 75.94431 11.931328, 75.949852 11.940706, 75.958865 11.940676, 75.959359 11.940397, 75.96155 11.939503, 75.966348 11.931253)))"
WAY_HEX_0306,750.0,11.202272766002379,0,364.0,0.45,0.34,2060.2,5333.9,"MULTIPOLYGON (((75.999405 11.931138, 75.993862 11.92176, 75.982843 11.921799, 75.977367 11.931215, 75.979178 11.934277, 75.980152 11.934146, 75.982567 11.933563, 75.985465 11.933071, 75.987041 11.933663, 75.99126 11.933982, 75.994349 11.932133, 75.99721 11.931959, 75.998741 11.931358, 75.999313 11.931296, 75.999405 11.931138)))"
WAY_HEX_0307,750.0,5.640001484661153,150,391.2,0.28,0.27,3669.0,7408.4,"MULTIPOLYGON (((75.977367 11.931215, 75.966348 11.931253, 75.96155 11.939503, 75.962306 11.939194, 75.965375 11.938254, 75.967195 11.937272, 75.968182 11.937056, 75.969098 11.936938, 75.96962 11.936742, 75.969703 11.936724, 75.970829 11.936426, 75.971534 11.935938, 75.97287 11.9354, 75.973935 11.934971, 75.976389 11.934083, 75.978458 11.934374, 75.979178 11.934277, 75.977367 11.931215)))"
WAY_HEX_0308,750.0,6.271129138080738,0,376.3,0.23,0.26,2998.1,3990.0,"MULTIPOLYGON (((76.015969 11.940475, 76.010424 11.931098, 75.999405 11.931138, 75.999313 11.931296, 75.999749 11.931248, 76.001301 11.931276, 76.003626 11.931214, 76.004509 11.933436, 76.005074 11.934948, 76.005389 11.935618, 76.006021 11.936962, 76.006586 11.93821, 76.007689 11.939121, 76.009871 11.939852, 76.010696 11.940844, 76.012883 11.941737, 76.01414 11.941536, 76.015584 11.941136, 76.015969 11.940475)))"
WAY_HEX_0309,750.0,10.18374659133867,1010,342.2,0.39,0.3,137.4,959.7,"MULTIPOLYGON (((76.065592 11.949688, 76.060045 11.940312, 76.049026 11.940354, 76.043967 11.949058, 76.04472 11.95043, 76.048019 11.951924, 76.049622 11.951359, 76.051791 11.951578, 76.053876 11.953673, 76.056675 11.956808, 76.060133 11.95908, 76.065592 11.949688)))"
WAY_HEX_0310,750.0,11.560112901981585,0,357.3,0.17,0.31,947.1,1509.9,"MULTIPOLYGON (((76.076686 11.968439, 76.082158 11.959021, 76.076611 11.949646, 76.065592 11.949688, 76.060133 11.95908, 76.061778 11.960161, 76.066552 11.962931, 76.067992 11.963624, 76.068914 11.965466, 76.070598 11.967268, 76.074188 11.968271, 76.075674 11.968443, 76.076686 11.968439)))"
WAY_HEX_0311,750.0,9.620613361496925,0,336.3,0.31,0.33,1836.9,2742.1,"MULTIPOLYGON (((76.076686 11.968439, 76.075674 11.968443, 76.076763 11.968569, 76.076686 11.968439)))"
WAY_HEX_0312,750.0,10.453145137057527,0,399.5,0.42,0.24,5399.1,9227.5,"MULTIPOLYGON (((75.949852 11.940706, 75.949415 11.941458, 75.950784 11.940935, 75.951896 11.940825, 75.952889 11.941108, 75.953672 11.941649, 75.955006 11.941669, 75.95645 11.941605, 75.957855 11.941245, 75.958865 11.940676, 75.949852 11.940706)))"
WAY_HEX_0313,750.0,10.423303617433016,0,491.8,0.21,0.19,5280.5,9029.3,"MULTIPOLYGON (((75.78418 11.809653, 75.778723 11.800402, 75.778579 11.800484, 75.777104 11.801427, 75.773149 11.803987, 75.775022 11.804367, 75.776503 11.804872, 75.778048 11.805523, 75.778906 11.80609, 75.7797 11.806636, 75.780365 11.807497, 75.780752 11.808064, 75.781438 11.810459, 75.783132 11.811453, 75.78418 11.809653)))"
WAY_HEX_0314,750.0,6.6766962059649035,150,470.2,0.17,0.34,1991.3,4106.5,"MULTIPOLYGON (((75.828238 11.809528, 75.817224 11.80956, 75.811744 11.818973, 75.817279 11.828354, 75.828295 11.828322, 75.833774 11.818909, 75.828238 11.809528)))"
WAY_HEX_0315,750.0,7.507712409894323,280,479.8,0.43,0.31,3576.3,7305.0,"MULTIPOLYGON (((75.800729 11.819004, 75.795194 11.809622, 75.78418 11.809653, 75.783132 11.811453, 75.783906 11.811908, 75.788519 11.81321, 75.792403 11.815394, 75.796566 11.818545, 75.798304 11.820246, 75.798476 11.821842, 75.798505 11.822823, 75.800729 11.819004)))"
WAY_HEX_0316,750.0,11.285077098140953,150,500.7,0.38,0.33,1395.5,5489.5,"MULTIPOLYGON (((75.800784 11.837799, 75.811799 11.837768, 75.817279 11.828354, 75.811744 11.818973, 75.800729 11.819004, 75.798505 11.822823, 75.79854 11.823963, 75.798304 11.825644, 75.798261 11.827198, 75.797789 11.828143, 75.796802 11.829424, 75.796134 11.829917, 75.800784 11.837799)))"
WAY_HEX_0317,750.0,7.429207234198861,0,469.9,0.39,0.21,32.0,3667.7,"MULTIPOLYGON (((75.828295 11.828322, 75.817279 11.828354, 75.811799 11.837768, 75.817335 11.847149, 75.828351 11.847117, 75.833831 11.837704, 75.828295 11.828322)))"
WAY_HEX_0318,750.0,10.328837612164815,0,500.8,0.42,0.35,1631.3,6713.7,"MULTIPOLYGON (((75.800784 11.837799, 75.796134 11.829917, 75.795579 11.830327, 75.794399 11.830558, 75.793111 11.83144, 75.792189 11.832448, 75.790987 11.833645, 75.790279 11.835179, 75.79 11.836061, 75.790107 11.84108, 75.791459 11.843642, 75.792403 11.845028, 75.794635 11.845637, 75.796284 11.845527, 75.800784 11.837799)))"
WAY_HEX_0319,750.0,10.299166040048922,0,493.1,0.24,0.35,46.5,5372.8,"MULTIPOLYGON (((75.811855 11.856562, 75.817335 11.847149, 75.811799 11.837768, 75.800784 11.837799, 75.796284 11.845527, 75.800622 11.845238, 75.803025 11.84591, 75.805535 11.847905, 75.805879 11.850803, 75.80565 11.851238, 75.805106 11.852273, 75.80545 11.853785, 75.806007 11.854772, 75.806909 11.855633, 75.808429 11.856556, 75.808522 11.856572, 75.811855 11.856562)))"
WAY_HEX_0320,750.0,8.698996816260177,931,442.8,0.17,0.32,308.8,3380.6,"MULTIPOLYGON (((75.877774 11.799982, 75.86676 11.800016, 75.861282 11.80943, 75.866819 11.81881, 75.877834 11.818776, 75.883311 11.809362, 75.877774 11.799982)))"
WAY_HEX_0321,750.0,11.353022853738562,0,480.9,0.17,0.31,473.0,1860.9,"MULTIPOLYGON (((75.861282 11.80943, 75.850267 11.809463, 75.844789 11.818876, 75.850325 11.828257, 75.861341 11.828224, 75.866819 11.81881, 75.861282 11.80943)))"
WAY_HEX_0322,750.0,11.038765673382906,0,450.5,0.22,0.34,2224.7,2491.5,"MULTIPOLYGON (((75.894325 11.809328, 75.883311 11.809362, 75.877834 11.818776, 75.883371 11.828156, 75.894386 11.828122, 75.899863 11.818707, 75.894325 11.809328)))"
WAY_HEX_0323,750.0,9.002896307895085,0,445.2,0.16,0.34,1200.9,1922.7,"MULTIPOLYGON (((75.877834 11.818776, 75.866819 11.81881, 75.861341 11.828224, 75.866878 11.837604, 75.877894 11.837571, 75.883371 11.828156, 75.877834 11.818776)))"
WAY_HEX_0324,750.0,9.190545632049647,1594,455.8,0.2,0.24,571.2,2034.1,"MULTIPOLYGON (((75.844789 11.818876, 75.833774 11.818909, 75.828295 11.828322, 75.833831 11.837704, 75.844847 11.837671, 75.850325 11.828257, 75.844789 11.818876)))"
WAY_HEX_0325,750.0,10.15800291517232,906,451.6,0.29,0.27,170.4,227.0,"MULTIPOLYGON (((75.861341 11.828224, 75.850325 11.828257, 75.844847 11.837671, 75.850384 11.847052, 75.8614 11.847018, 75.866878 11.837604, 75.861341 11.828224)))"
WAY_HEX_0326,750.0,8.37656189270894,0,450.4,0.19,0.24,293.9,619.8,"MULTIPOLYGON (((75.899925 11.837502, 75.894386 11.828122, 75.883371 11.828156, 75.877894 11.837571, 75.88264 11.84561, 75.884607 11.846057, 75.885678 11.846944, 75.887598 11.846938, 75.887718 11.846876, 75.889049 11.845805, 75.88991 11.844807, 75.8901 11.844587, 75.891323 11.843558, 75.892503 11.843306, 75.893748 11.843201, 75.895379 11.843117, 75.896633 11.843159, 75.899925 11.837502)))"
WAY_HEX_0327,750.0,7.396405106002649,0,482.4,0.19,0.38,1041.0,2158.5,"MULTIPOLYGON (((75.850384 11.847052, 75.844847 11.837671, 75.833831 11.837704, 75.828351 11.847117, 75.831529 11.852501, 75.831564 11.852504, 75.832872 11.852399, 75.834332 11.852525, 75.835147 11.852483, 75.84826 11.850701, 75.850384 11.847052)))"
WAY_HEX_0328,750.0,9.727088128271472,0,459.0,0.29,0.31,69.4,1407.8,"MULTIPOLYGON (((75.877894 11.837571, 75.866878 11.837604, 75.8614 11.847018, 75.863105 11.849908, 75.863557 11.849837, 75.86463 11.849837, 75.865129 11.84979, 75.872784 11.84906, 75.876131 11.848178, 75.877372 11.84787, 75.877655 11.8478, 75.879457 11.84738, 75.880401 11.846666, 75.881217 11.846057, 75.882482 11.845574, 75.88264 11.84561, 75.877894 11.837571)))"
WAY_HEX_0329,750.0,9.515400232293757,0,450.0,0.29,0.2,792.4,1442.5,"MULTIPOLYGON (((75.8614 11.847018, 75.850384 11.847052, 75.84826 11.850701, 75.853836 11.849942, 75.859373 11.850089, 75.860789 11.850551, 75.862076 11.850068, 75.863105 11.849908, 75.8614 11.847018)))"
WAY_HEX_0330,750.0,7.9339357621551905,0,443.8,0.28,0.26,711.0,690.5,"MULTIPOLYGON (((75.885678 11.846944, 75.886409 11.847548, 75.887598 11.846938, 75.885678 11.846944)))"
WAY_HEX_0331,750.0,7.506360541718584,0,478.2,0.25,0.25,1283.2,4250.4,"MULTIPOLYGON (((75.828351 11.847117, 75.817335 11.847149, 75.811855 11.856562, 75.81218 11.857112, 75.813217 11.857124, 75.814805 11.85662, 75.816564 11.856242, 75.817423 11.856347, 75.817916 11.85725, 75.818496 11.858027, 75.819204 11.858699, 75.820362 11.858321, 75.820963 11.857187, 75.821822 11.855612, 75.822895 11.853575, 75.823924 11.853071, 75.825255 11.852777, 75.826306 11.852504, 75.828387 11.852323, 75.828967 11.852273, 75.831529 11.852501, 75.828351 11.847117)))"
WAY_HEX_0332,750.0,6.2321655147015536,0,483.9,0.29,0.19,815.8,5507.8,"MULTIPOLYGON (((75.811855 11.856562, 75.808522 11.856572, 75.808561 11.856578, 75.809827 11.857019, 75.811372 11.857103, 75.81218 11.857112, 75.811855 11.856562)))"
WAY_HEX_0333,750.0,8.043728914205364,0,413.1,0.44,0.38,2757.4,5628.7,"MULTIPOLYGON (((75.933099 11.874983, 75.927558 11.865604, 75.924588 11.865614, 75.924304 11.865892, 75.923177 11.867036, 75.921943 11.868821, 75.921396 11.86943, 75.920527 11.870154, 75.920248 11.870406, 75.918735 11.870984, 75.91748 11.871267, 75.916246 11.87196, 75.91483 11.872706, 75.913757 11.873199, 75.912931 11.873378, 75.912341 11.873724, 75.91189 11.874312, 75.911729 11.875509, 75.912266 11.876139, 75.913778 11.876926, 75.915152 11.877525, 75.916675 11.87826, 75.917276 11.878669, 75.918542 11.879866, 75.919465 11.880475, 75.92146 11.8808, 75.923349 11.880643, 75.92528 11.880968, 75.926439 11.881924, 75.928726 11.882499, 75.933099 11.874983)))"
WAY_HEX_0334,750.0,10.228892749132514,0,423.3,0.2,0.36,2943.3,7376.4,"MULTIPOLYGON (((75.94418 11.89374, 75.949656 11.884325, 75.944116 11.874946, 75.933099 11.874983, 75.928726 11.882499, 75.929153 11.882606, 75.931031 11.883971, 75.932007 11.884696, 75.933015 11.885861, 75.934421 11.888297, 75.935279 11.88984, 75.935708 11.892076, 75.935551 11.893769, 75.94418 11.89374)))"
WAY_HEX_0335,750.0,10.284451029784867,150,427.9,0.29,0.22,4922.9,8738.6,"MULTIPOLYGON (((75.944245 11.912534, 75.949722 11.903118, 75.94418 11.89374, 75.935551 11.893769, 75.935515 11.894155, 75.935408 11.897913, 75.935987 11.900223, 75.936974 11.90163, 75.937779 11.902606, 75.938026 11.903037, 75.938235 11.903829, 75.937629 11.904496, 75.937425 11.904821, 75.93706 11.906196, 75.936738 11.907834, 75.936567 11.908968, 75.936105 11.910385, 75.935515 11.911676, 75.934839 11.912317, 75.934255 11.912567, 75.944245 11.912534)))"
WAY_HEX_0336,750.0,8.74989066552718,150,440.5,0.36,0.21,7049.0,9859.3,"MULTIPOLYGON (((75.927749 11.921986, 75.932923 11.913092, 75.932286 11.91323, 75.931814 11.913954, 75.931556 11.914511, 75.931202 11.915802, 75.930741 11.916505, 75.929764 11.917481, 75.929014 11.918111, 75.928048 11.918762, 75.927447 11.919056, 75.92661 11.919434, 75.92528 11.920011, 75.924947 11.920872, 75.925033 11.921838, 75.925074 11.921995, 75.927749 11.921986)))"
WAY_HEX_0337,750.0,8.010619777104644,280,421.1,0.22,0.32,5958.1,10317.3,"MULTIPOLYGON (((75.927749 11.921986, 75.933291 11.931365, 75.94431 11.931328, 75.949787 11.921912, 75.944245 11.912534, 75.934255 11.912567, 75.934056 11.912653, 75.933015 11.913072, 75.932923 11.913092, 75.927749 11.921986)))"
WAY_HEX_0338,750.0,10.90062750625576,0,432.1,0.42,0.21,7258.0,10863.6,"MULTIPOLYGON (((75.933291 11.931365, 75.927749 11.921986, 75.925074 11.921995, 75.925226 11.922583, 75.925966 11.924399, 75.926106 11.925407, 75.926063 11.926289, 75.925795 11.927339, 75.925173 11.929291, 75.925012 11.930803, 75.925312 11.932052, 75.925709 11.93265, 75.927962 11.934802, 75.930108 11.935547, 75.930905 11.935465, 75.933291 11.931365)))"
WAY_HEX_0339,750.0,10.979700284118945,150,401.1,0.36,0.37,6296.9,10408.5,"MULTIPOLYGON (((75.949852 11.940706, 75.94431 11.931328, 75.933291 11.931365, 75.930905 11.935465, 75.932457 11.935306, 75.935019 11.93473, 75.936597 11.934176, 75.936781 11.935403, 75.937189 11.937006, 75.938358 11.939305, 75.938487 11.940281, 75.938303 11.941656, 75.945359 11.941422, 75.94796 11.941646, 75.949402 11.941463, 75.949415 11.941458, 75.949852 11.940706)))"
WAY_HEX_0340,750.0,9.04578419326796,0,301.6,0.41,0.33,3623.3,10642.8,"MULTIPOLYGON (((76.140722 11.460768, 76.145856 11.451916, 76.143847 11.451873, 76.143342 11.451361, 76.14215 11.453406, 76.140413 11.45587, 76.137681 11.457886, 76.136876 11.458902, 76.135375 11.460246, 76.133983 11.460794, 76.140722 11.460768)))"
WAY_HEX_0341,750.0,8.77275684376314,0,311.7,0.35,0.37,3828.8,9468.2,"MULTIPOLYGON (((76.12627 11.466763, 76.125891 11.466927, 76.125272 11.468306, 76.124666 11.469403, 76.12466 11.469539, 76.12627 11.466763)))"
WAY_HEX_0342,750.0,9.177848683762322,0,344.5,0.26,0.21,3417.4,7994.4,"MULTIPOLYGON (((76.113333 11.489064, 76.124334 11.489022, 76.129797 11.479604, 76.124597 11.4708, 76.124579 11.47117, 76.124153 11.473613, 76.123249 11.474224, 76.122205 11.474929, 76.118901 11.476253, 76.116312 11.476146, 76.11479 11.476615, 76.113722 11.47747, 76.112988 11.478697, 76.112299 11.479632, 76.111959 11.480347, 76.108389 11.480371, 76.108238 11.480437, 76.113333 11.489064)))"
WAY_HEX_0343,750.0,11.37780158931712,150,330.6,0.16,0.35,5201.2,8610.2,"MULTIPOLYGON (((76.091331 11.489147, 76.094919 11.482963, 76.094496 11.482714, 76.092814 11.482265, 76.092205 11.481961, 76.091277 11.483091, 76.090053 11.485726, 76.089674 11.48654, 76.089056 11.486922, 76.088137 11.487737, 76.088387 11.489158, 76.091331 11.489147)))"
WAY_HEX_0344,750.0,9.823067305551856,280,348.8,0.18,0.29,3928.2,7632.8,"MULTIPOLYGON (((76.091331 11.489147, 76.096868 11.498524, 76.107869 11.498482, 76.113333 11.489064, 76.108238 11.480437, 76.106954 11.480999, 76.106116 11.481919, 76.104123 11.482523, 76.101788 11.483477, 76.098896 11.483602, 76.098262 11.483618, 76.096124 11.483673, 76.094919 11.482963, 76.091331 11.489147)))"
WAY_HEX_0345,750.0,7.1197195492161836,0,317.5,0.21,0.28,1959.9,6206.9,"MULTIPOLYGON (((76.124334 11.489022, 76.113333 11.489064, 76.107869 11.498482, 76.113407 11.507858, 76.124409 11.507815, 76.129872 11.498397, 76.124334 11.489022)))"
WAY_HEX_0346,750.0,7.22299042463159,0,327.8,0.18,0.38,4507.4,7310.0,"MULTIPOLYGON (((76.091403 11.507941, 76.096868 11.498524, 76.091331 11.489147, 76.088387 11.489158, 76.088411 11.489295, 76.089277 11.490548, 76.09 11.49138, 76.090905 11.492381, 76.092305 11.49311, 76.091466 11.494193, 76.090962 11.495845, 76.091052 11.497215, 76.091475 11.499009, 76.091032 11.500278, 76.089387 11.503558, 76.088876 11.505855, 76.0889 11.507172, 76.088914 11.50795, 76.091403 11.507941)))"
WAY_HEX_0347,750.0,5.9145819362446765,0,313.0,0.41,0.23,3106.3,10848.8,"MULTIPOLYGON (((76.162722 11.460681, 76.165306 11.460671, 76.164706 11.459587, 76.163138 11.457775, 76.161294 11.45601, 76.159962 11.45601, 76.162722 11.460681)))"
WAY_HEX_0348,750.0,8.419954725639823,0,300.3,0.33,0.3,2762.7,10283.3,"MULTIPOLYGON (((76.140722 11.460768, 76.14626 11.470143, 76.15726 11.4701, 76.162722 11.460681, 76.159962 11.45601, 76.159827 11.45601, 76.1589 11.45698, 76.158164 11.456777, 76.157736 11.45638, 76.156929 11.455392, 76.152897 11.453669, 76.150882 11.452272, 76.148246 11.453008, 76.146196 11.451924, 76.145856 11.451916, 76.140722 11.460768)))"
WAY_HEX_0349,750.0,11.140219222980024,0,313.3,0.15,0.35,2776.3,9122.2,"MULTIPOLYGON (((76.129797 11.479604, 76.140798 11.479561, 76.14626 11.470143, 76.140722 11.460768, 76.133983 11.460794, 76.133348 11.461044, 76.13261 11.461395, 76.131977 11.46265, 76.130949 11.463964, 76.129765 11.464018, 76.129068 11.464636, 76.128203 11.465404, 76.127925 11.466046, 76.12627 11.466763, 76.12466 11.469539, 76.124597 11.4708, 76.129797 11.479604)))"
WAY_HEX_0350,750.0,9.697810339994842,0,295.2,0.39,0.37,1981.2,9348.0,"MULTIPOLYGON (((76.162722 11.460681, 76.15726 11.4701, 76.162799 11.479474, 76.173799 11.47943, 76.17856 11.471221, 76.177286 11.470939, 76.175337 11.468276, 76.173041 11.467548, 76.171027 11.467103, 76.169067 11.466241, 76.16741 11.464137, 76.166029 11.46198, 76.165306 11.460671, 76.162722 11.460681)))"
WAY_HEX_0351,750.0,10.42485824270916,0,295.2,0.21,0.21,2083.2,7886.8,"MULTIPOLYGON (((76.173799 11.47943, 76.179339 11.488805, 76.185847 11.488778, 76.185936 11.48853, 76.185756 11.488336, 76.18552 11.488312, 76.185336 11.488294, 76.185011 11.488373, 76.185078 11.488188, 76.185209 11.487827, 76.185153 11.487402, 76.185137 11.487284, 76.185064 11.486762, 76.185049 11.486654, 76.185069 11.486421, 76.185107 11.485991, 76.185115 11.4859, 76.184953 11.4855, 76.185284 11.484954, 76.185239 11.484692, 76.185146 11.484574, 76.184953 11.484332, 76.18478 11.484041, 76.184459 11.483919, 76.184267 11.483967, 76.184049 11.484021, 76.183783 11.484123, 76.18332 11.484184, 76.183017 11.484341, 76.182806 11.484317, 76.182517 11.484195, 76.182362 11.484166, 76.182029 11.483704, 76.182076 11.483381, 76.182988 11.482439, 76.184281 11.481265, 76.185933 11.479151, 76.186562 11.477656, 76.186227 11.475626, 76.185246 11.475281, 76.182909 11.474961, 76.181386 11.473469, 76.180007 11.471541, 76.17856 11.471221, 76.173799 11.47943)))"
WAY_HEX_0352,750.0,8.575487923456958,2613,312.8,0.35,0.32,857.0,8348.1,"MULTIPOLYGON (((76.15726 11.4701, 76.14626 11.470143, 76.140798 11.479561, 76.146336 11.488936, 76.157337 11.488893, 76.162799 11.479474, 76.15726 11.4701)))"
WAY_HEX_0353,750.0,8.461012808075052,0,302.1,0.2,0.21,1028.8,7590.8,"MULTIPOLYGON (((76.173799 11.47943, 76.162799 11.479474, 76.157337 11.488893, 76.162876 11.498268, 76.173877 11.498223, 76.179339 11.488805, 76.173799 11.47943)))"
WAY_HEX_0354,750.0,9.366105634022727,280,304.8,0.4,0.37,1935.4,7081.0,"MULTIPOLYGON (((76.140798 11.479561, 76.129797 11.479604, 76.124334 11.489022, 76.129872 11.498397, 76.140873 11.498355, 76.146336 11.488936, 76.140798 11.479561)))"
WAY_HEX_0355,750.0,7.1343156248190605,1176,301.3,0.21,0.3,931.3,5840.8,"MULTIPOLYGON (((76.179339 11.488805, 76.173877 11.498223, 76.179417 11.507598, 76.190418 11.507553, 76.194622 11.500303, 76.193949 11.499817, 76.192899 11.49872, 76.192496 11.497773, 76.192378 11.497647, 76.192061 11.497307, 76.19193 11.496849, 76.191848 11.496808, 76.19126 11.496512, 76.191244 11.496397, 76.19118 11.495934, 76.191138 11.495629, 76.19104 11.495589, 76.190826 11.495502, 76.190582 11.495402, 76.189971 11.495439, 76.189893 11.495194, 76.189831 11.494998, 76.188671 11.494593, 76.189962 11.493179, 76.189557 11.492656, 76.18884 11.492092, 76.188261 11.491765, 76.187676 11.491432, 76.187866 11.490953, 76.188296 11.490764, 76.188359 11.490456, 76.188134 11.490277, 76.187343 11.490337, 76.187214 11.490346, 76.186652 11.489718, 76.18656 11.489725, 76.186221 11.489748, 76.185921 11.48977, 76.185664 11.48946, 76.185715 11.489147, 76.18577 11.488992, 76.185847 11.488778, 76.179339 11.488805)))"
WAY_HEX_0356,750.0,6.327876741643363,0,282.0,0.37,0.36,2315.9,4146.7,"MULTIPOLYGON (((76.190418 11.507553, 76.195959 11.516927, 76.206961 11.516881, 76.211166 11.509628, 76.211019 11.509617, 76.210257 11.509596, 76.209109 11.509491, 76.208476 11.509207, 76.207983 11.508997, 76.207382 11.50866, 76.206706 11.508061, 76.206236 11.507687, 76.206191 11.507651, 76.206119 11.507619, 76.205687 11.50743, 76.204968 11.507157, 76.20427 11.507041, 76.203487 11.507157, 76.20264 11.507398, 76.2025 11.507472, 76.202339 11.507556, 76.201728 11.507609, 76.201148 11.507535, 76.200794 11.507325, 76.200765 11.507302, 76.200548 11.507136, 76.20034 11.507059, 76.200204 11.50701, 76.199654 11.506424, 76.199279 11.506025, 76.198213 11.504891, 76.197997 11.504707, 76.197724 11.504475, 76.197032 11.503886, 76.197034 11.503462, 76.197038 11.50222, 76.196706 11.502041, 76.196514 11.501937, 76.19619 11.501762, 76.196091 11.501683, 76.19572 11.501391, 76.195428 11.50116, 76.195105 11.500802, 76.194716 11.500371, 76.194622 11.500303, 76.190418 11.507553)))"
WAY_HEX_0357,750.0,6.768411502551787,0,255.2,0.19,0.27,2702.1,3571.1,"MULTIPOLYGON (((76.206961 11.516881, 76.212502 11.526255, 76.223504 11.526209, 76.227419 11.519455, 76.227256 11.519123, 76.227203 11.518714, 76.227197 11.516924, 76.226945 11.515984, 76.226606 11.515601, 76.226607 11.514969, 76.226576 11.513801, 76.225946 11.513172, 76.225136 11.51288, 76.224943 11.512552, 76.224506 11.512359, 76.224249 11.512289, 76.223993 11.512378, 76.223375 11.512487, 76.222692 11.512459, 76.221314 11.5121, 76.221061 11.511767, 76.220106 11.511824, 76.219634 11.511635, 76.21898 11.511236, 76.218175 11.510963, 76.217639 11.510742, 76.216963 11.5103, 76.216405 11.5101, 76.215729 11.510216, 76.215257 11.510374, 76.2148 11.510321, 76.214624 11.5103, 76.213884 11.510363, 76.213068 11.510184, 76.212349 11.509848, 76.211716 11.509669, 76.211166 11.509628, 76.206961 11.516881)))"
WAY_HEX_0358,750.0,6.1860329688817455,0,294.3,0.27,0.34,926.4,2389.1,"MULTIPOLYGON (((76.206961 11.516881, 76.195959 11.516927, 76.190497 11.526346, 76.196038 11.53572, 76.207041 11.535674, 76.212502 11.526255, 76.206961 11.516881)))"
WAY_HEX_0359,750.0,7.315219441244361,0,265.1,0.22,0.24,1061.9,3185.2,"MULTIPOLYGON (((76.223504 11.526209, 76.229046 11.535582, 76.240048 11.535535, 76.244875 11.527208, 76.244309 11.527113, 76.244109 11.526576, 76.243544 11.526689, 76.243266 11.527423, 76.242045 11.527086, 76.241544 11.527856, 76.240646 11.527897, 76.240464 11.527355, 76.239261 11.526466, 76.238742 11.526612, 76.238256 11.526858, 76.237724 11.52745, 76.23707 11.527662, 76.236827 11.527801, 76.23654 11.528275, 76.236286 11.528393, 76.236169 11.528586, 76.23592 11.528746, 76.235698 11.528801, 76.235436 11.529016, 76.235193 11.529025, 76.234848 11.529031, 76.234525 11.52911, 76.234029 11.529279, 76.233792 11.529114, 76.233517 11.529007, 76.233343 11.528956, 76.233084 11.528669, 76.232602 11.528137, 76.232304 11.528058, 76.232047 11.527858, 76.231968 11.527275, 76.231765 11.527025, 76.231479 11.526782, 76.23107 11.526646, 76.230444 11.526294, 76.230244 11.526032, 76.230249 11.525664, 76.229947 11.525423, 76.229715 11.525358, 76.229353 11.524988, 76.229107 11.524697, 76.229094 11.523871, 76.228833 11.523557, 76.228503 11.52315, 76.228305 11.522538, 76.228115 11.522, 76.22775 11.521587, 76.22765 11.521184, 76.227743 11.520854, 76.227863 11.520214, 76.22754 11.519701, 76.227419 11.519455, 76.223504 11.526209)))"
WAY_HEX_0360,750.0,10.176495145055537,477,248.2,0.38,0.3,78.8,4049.8,"MULTIPOLYGON (((76.245591 11.544908, 76.245762 11.544907, 76.245502 11.544758, 76.245591 11.544908)), ((76.240048 11.535535, 76.24424 11.542624, 76.245031 11.541994, 76.245442 11.540757, 76.246852 11.541073, 76.247759 11.540289, 76.249239 11.538695, 76.249959 11.536981, 76.250433 11.537127, 76.251198 11.538011, 76.251818 11.538111, 76.251882 11.537756, 76.250897 11.536772, 76.250919 11.535688, 76.250305 11.533674, 76.250506 11.531751, 76.250023 11.530084, 76.250688 11.528498, 76.250952 11.528015, 76.250624 11.527596, 76.249867 11.52754, 76.248615 11.527676, 76.247626 11.527819, 76.247025 11.526885, 76.24584 11.52709, 76.245152 11.527254, 76.244875 11.527208, 76.240048 11.535535)))"
WAY_HEX_0361,750.0,7.5445297131927465,0,279.3,0.17,0.37,1167.3,1743.2,"MULTIPOLYGON (((76.223504 11.526209, 76.212502 11.526255, 76.207041 11.535674, 76.212582 11.545048, 76.223585 11.545001, 76.229046 11.535582, 76.223504 11.526209)))"
WAY_HEX_0362,750.0,10.73202688355185,3276,305.5,0.18,0.27,517.5,6345.2,"MULTIPOLYGON (((76.157337 11.488893, 76.146336 11.488936, 76.140873 11.498355, 76.146412 11.50773, 76.157414 11.507686, 76.162876 11.498268, 76.157337 11.488893)))"
WAY_HEX_0363,750.0,8.54174249725649,664,282.3,0.18,0.27,440.4,5689.3,"MULTIPOLYGON (((76.173877 11.498223, 76.162876 11.498268, 76.157414 11.507686, 76.162953 11.517061, 76.173955 11.517016, 76.179417 11.507598, 76.173877 11.498223)))"
WAY_HEX_0364,750.0,10.97656780229952,1302,288.4,0.4,0.21,240.5,5003.2,"MULTIPOLYGON (((76.140873 11.498355, 76.129872 11.498397, 76.124409 11.507815, 76.129947 11.517191, 76.140949 11.517148, 76.146412 11.50773, 76.140873 11.498355)))"
WAY_HEX_0365,750.0,9.94581195557619,150,310.8,0.37,0.31,884.6,4295.5,"MULTIPOLYGON (((76.157414 11.507686, 76.146412 11.50773, 76.140949 11.517148, 76.146488 11.526523, 76.157491 11.526479, 76.162953 11.517061, 76.157414 11.507686)))"
WAY_HEX_0366,750.0,5.803080142974061,280,284.3,0.34,0.3,1193.3,3991.2,"MULTIPOLYGON (((76.190418 11.507553, 76.179417 11.507598, 76.173955 11.517016, 76.179495 11.526391, 76.190497 11.526346, 76.195959 11.516927, 76.190418 11.507553)))"
WAY_HEX_0367,750.0,7.780243896384007,741,279.0,0.45,0.3,229.1,2926.2,"MULTIPOLYGON (((76.140949 11.517148, 76.129947 11.517191, 76.124483 11.526609, 76.130022 11.535984, 76.141025 11.535941, 76.146488 11.526523, 76.140949 11.517148)))"
WAY_HEX_0368,750.0,6.862306169060146,0,315.7,0.3,0.24,1049.6,3652.5,"MULTIPOLYGON (((76.173955 11.517016, 76.162953 11.517061, 76.157491 11.526479, 76.16303 11.535854, 76.174033 11.535809, 76.179495 11.526391, 76.173955 11.517016)))"
WAY_HEX_0369,750.0,6.0831569917693225,0,306.3,0.17,0.35,1068.5,2261.5,"MULTIPOLYGON (((76.157491 11.526479, 76.146488 11.526523, 76.141025 11.535941, 76.146565 11.545316, 76.157568 11.545272, 76.16303 11.535854, 76.157491 11.526479)))"
WAY_HEX_0370,750.0,9.29885043353842,150,285.4,0.31,0.18,534.0,2462.0,"MULTIPOLYGON (((76.190497 11.526346, 76.179495 11.526391, 76.174033 11.535809, 76.179574 11.545184, 76.190577 11.545139, 76.196038 11.53572, 76.190497 11.526346)))"
WAY_HEX_0371,750.0,8.22492040490605,2466,276.0,0.38,0.23,681.5,1711.5,"MULTIPOLYGON (((76.174033 11.535809, 76.16303 11.535854, 76.157568 11.545272, 76.163108 11.554647, 76.174111 11.554602, 76.179574 11.545184, 76.174033 11.535809)))"
WAY_HEX_0372,750.0,6.947880955036387,595,246.5,0.31,0.21,477.2,2460.1,"MULTIPOLYGON (((76.245591 11.544908, 76.245502 11.544758, 76.244227 11.544025, 76.24389 11.543269, 76.244087 11.542745, 76.24424 11.542624, 76.240048 11.535535, 76.229046 11.535582, 76.223585 11.545001, 76.229127 11.554374, 76.240131 11.554328, 76.242136 11.550868, 76.242114 11.550598, 76.242221 11.55036, 76.242523 11.549319, 76.243016 11.548353, 76.243625 11.548299, 76.245591 11.544908)))"
WAY_HEX_0373,750.0,10.48319808876505,589,270.1,0.33,0.3,191.5,399.4,"MULTIPOLYGON (((76.207041 11.535674, 76.196038 11.53572, 76.190577 11.545139, 76.196118 11.554512, 76.207121 11.554467, 76.212582 11.545048, 76.207041 11.535674)))"
WAY_HEX_0374,750.0,7.527543359175739,0,278.3,0.18,0.23,1455.9,3297.4,"MULTIPOLYGON (((76.240131 11.554328, 76.240906 11.55564, 76.240965 11.555625, 76.241712 11.556098, 76.242186 11.556025, 76.242168 11.555142, 76.243134 11.554805, 76.244154 11.554103, 76.244355 11.553711, 76.243462 11.55382, 76.242706 11.553556, 76.2424 11.552801, 76.242797 11.551798, 76.242159 11.551151, 76.242136 11.550868, 76.240131 11.554328)), ((76.245591 11.544908, 76.243625 11.548299, 76.244117 11.548255, 76.245084 11.547788, 76.246104 11.546613, 76.246514 11.546039, 76.245919 11.544998, 76.245762 11.544907, 76.245591 11.544908)))"
WAY_HEX_0375,750.0,10.976124607941937,1049,272.1,0.35,0.27,8.6,725.3,"MULTIPOLYGON (((76.223585 11.545001, 76.212582 11.545048, 76.207121 11.554467, 76.212663 11.56384, 76.223667 11.563794, 76.229127 11.554374, 76.223585 11.545001)))"
WAY_HEX_0376,750.0,7.533360857716998,1039,254.2,0.39,0.25,166.0,2464.4,"MULTIPOLYGON (((76.240131 11.554328, 76.229127 11.554374, 76.223667 11.563794, 76.229209 11.573167, 76.236192 11.573137, 76.235222 11.572351, 76.234405 11.572163, 76.234177 11.570951, 76.233678 11.570845, 76.233061 11.570409, 76.232947 11.569561, 76.233166 11.569171, 76.235656 11.566672, 76.236482 11.563042, 76.237585 11.561128, 76.238268 11.561156, 76.239024 11.560417, 76.238368 11.559251, 76.238952 11.558386, 76.239808 11.55813, 76.240382 11.556727, 76.240439 11.555759, 76.240906 11.55564, 76.240131 11.554328)))"
WAY_HEX_0377,750.0,8.955844517493368,0,277.2,0.18,0.24,365.3,1738.5,"MULTIPOLYGON (((76.207121 11.554467, 76.196118 11.554512, 76.190656 11.563932, 76.196198 11.573305, 76.207202 11.57326, 76.212663 11.56384, 76.207121 11.554467)))"
WAY_HEX_0378,750.0,9.788609158551985,280,295.5,0.32,0.22,326.4,2561.7,"MULTIPOLYGON (((76.223667 11.563794, 76.212663 11.56384, 76.207202 11.57326, 76.212744 11.582633, 76.223748 11.582587, 76.229209 11.573167, 76.223667 11.563794)))"
WAY_HEX_0379,750.0,10.848466827720255,280,248.5,0.38,0.34,45.9,2106.9,"MULTIPOLYGON (((76.245757 11.582493, 76.25222 11.582465, 76.251556 11.581811, 76.25032 11.581651, 76.249084 11.580154, 76.246207 11.578968, 76.246004 11.578836, 76.245388 11.578582, 76.24513 11.578464, 76.244599 11.578418, 76.244236 11.577712, 76.243608 11.577739, 76.243093 11.577393, 76.242677 11.577285, 76.245757 11.582493)))"
WAY_HEX_0380,750.0,10.066782315728275,0,272.4,0.18,0.26,773.7,2848.5,"MULTIPOLYGON (((76.229209 11.573167, 76.223748 11.582587, 76.229292 11.59196, 76.240296 11.591913, 76.245757 11.582493, 76.242677 11.577285, 76.242355 11.577202, 76.242315 11.577097, 76.242168 11.576714, 76.240961 11.576509, 76.240783 11.575762, 76.239252 11.57548, 76.239034 11.574632, 76.237977 11.574363, 76.23648 11.573371, 76.236192 11.573137, 76.229209 11.573167)))"
WAY_HEX_0381,750.0,11.471519145931854,958,266.4,0.26,0.31,96.1,3730.1,"MULTIPOLYGON (((76.207202 11.57326, 76.196198 11.573305, 76.190735 11.582724, 76.196278 11.592098, 76.207282 11.592052, 76.212744 11.582633, 76.207202 11.57326)))"
WAY_HEX_0382,750.0,6.427611546334663,2130,303.5,0.43,0.26,207.9,856.2,"MULTIPOLYGON (((76.141025 11.535941, 76.130022 11.535984, 76.124558 11.545402, 76.130097 11.554777, 76.141101 11.554734, 76.146565 11.545316, 76.141025 11.535941)))"
WAY_HEX_0383,750.0,6.139442331862057,0,305.2,0.39,0.32,142.3,643.8,"MULTIPOLYGON (((76.157568 11.545272, 76.146565 11.545316, 76.141101 11.554734, 76.146641 11.564109, 76.157645 11.564065, 76.163108 11.554647, 76.157568 11.545272)))"
WAY_HEX_0384,750.0,6.4320361593378355,0,308.7,0.31,0.38,850.8,2198.4,"MULTIPOLYGON (((76.190577 11.545139, 76.179574 11.545184, 76.174111 11.554602, 76.179652 11.563977, 76.190656 11.563932, 76.196118 11.554512, 76.190577 11.545139)))"
WAY_HEX_0385,750.0,7.92920249870239,0,317.4,0.44,0.27,613.9,811.8,"MULTIPOLYGON (((76.141101 11.554734, 76.130097 11.554777, 76.124633 11.564195, 76.130173 11.57357, 76.141177 11.573527, 76.146641 11.564109, 76.141101 11.554734)))"
WAY_HEX_0386,750.0,5.887518308319436,150,297.8,0.43,0.34,698.8,647.1,"MULTIPOLYGON (((76.174111 11.554602, 76.163108 11.554647, 76.157645 11.564065, 76.163185 11.57344, 76.17419 11.573395, 76.179652 11.563977, 76.174111 11.554602)))"
WAY_HEX_0387,750.0,10.90182914698137,0,296.1,0.32,0.19,544.7,1329.8,"MULTIPOLYGON (((76.157645 11.564065, 76.146641 11.564109, 76.141177 11.573527, 76.146717 11.582902, 76.157722 11.582858, 76.163185 11.57344, 76.157645 11.564065)))"
WAY_HEX_0388,750.0,8.989034883495425,0,283.3,0.31,0.38,442.9,2652.3,"MULTIPOLYGON (((76.190656 11.563932, 76.179652 11.563977, 76.17419 11.573395, 76.179731 11.582769, 76.190735 11.582724, 76.196198 11.573305, 76.190656 11.563932)))"
WAY_HEX_0389,750.0,11.185849707259289,0,289.5,0.42,0.31,73.7,2152.5,"MULTIPOLYGON (((76.17419 11.573395, 76.163185 11.57344, 76.157722 11.582858, 76.163263 11.592233, 76.174268 11.592188, 76.179731 11.582769, 76.17419 11.573395)))"
WAY_HEX_0390,750.0,9.24934826360752,280,318.8,0.14,0.31,380.1,2127.6,"MULTIPOLYGON (((76.141177 11.573527, 76.130173 11.57357, 76.124708 11.582988, 76.130248 11.592364, 76.141253 11.59232, 76.146717 11.582902, 76.141177 11.573527)))"
WAY_HEX_0391,750.0,9.02759443696042,0,275.8,0.17,0.35,289.6,3944.9,"MULTIPOLYGON (((76.190735 11.582724, 76.179731 11.582769, 76.174268 11.592188, 76.17981 11.601562, 76.190815 11.601517, 76.196278 11.592098, 76.190735 11.582724)))"
WAY_HEX_0392,750.0,9.119395506733614,280,262.8,0.4,0.29,50.9,3236.3,"MULTIPOLYGON (((76.223748 11.582587, 76.212744 11.582633, 76.207282 11.592052, 76.212825 11.601426, 76.22383 11.601379, 76.229292 11.59196, 76.223748 11.582587)))"
WAY_HEX_0393,750.0,10.814928721447465,1006,274.3,0.26,0.31,320.0,796.9,"MULTIPOLYGON (((76.245757 11.582493, 76.240296 11.591913, 76.24584 11.601285, 76.256845 11.601237, 76.262305 11.591817, 76.260777 11.589234, 76.260155 11.588683, 76.259228 11.588612, 76.258187 11.588328, 76.257244 11.587211, 76.256106 11.586432, 76.255418 11.585413, 76.253576 11.583904, 76.252784 11.58302, 76.25222 11.582465, 76.245757 11.582493)))"
WAY_HEX_0394,750.0,10.387739681547968,0,273.5,0.28,0.2,364.1,2353.8,"MULTIPOLYGON (((76.240296 11.591913, 76.229292 11.59196, 76.22383 11.601379, 76.229374 11.610752, 76.240379 11.610705, 76.24584 11.601285, 76.240296 11.591913)))"
WAY_HEX_0395,750.0,7.754357060731131,0,278.9,0.24,0.38,128.3,2202.9,"MULTIPOLYGON (((76.207282 11.592052, 76.196278 11.592098, 76.190815 11.601517, 76.196358 11.610891, 76.207363 11.610845, 76.212825 11.601426, 76.207282 11.592052)))"
WAY_HEX_0396,750.0,8.475859937720207,581,267.9,0.18,0.21,934.7,1539.0,"MULTIPOLYGON (((76.256845 11.601237, 76.24584 11.601285, 76.240379 11.610705, 76.245924 11.620077, 76.256929 11.62003, 76.26239 11.61061, 76.256845 11.601237)))"
WAY_HEX_0397,750.0,6.721225826526017,0,280.6,0.17,0.2,233.1,1380.0,"MULTIPOLYGON (((76.22383 11.601379, 76.212825 11.601426, 76.207363 11.610845, 76.212906 11.620218, 76.223912 11.620172, 76.229374 11.610752, 76.22383 11.601379)))"
WAY_HEX_0398,750.0,6.02391688669378,756,258.5,0.36,0.21,268.2,2630.2,"MULTIPOLYGON (((76.240379 11.610705, 76.229374 11.610752, 76.223912 11.620172, 76.229456 11.629545, 76.240462 11.629497, 76.245924 11.620077, 76.240379 11.610705)))"
WAY_HEX_0399,750.0,6.920828887797167,944,289.0,0.37,0.31,573.6,789.9,"MULTIPOLYGON (((76.207363 11.610845, 76.196358 11.610891, 76.190895 11.62031, 76.196438 11.629683, 76.207444 11.629638, 76.212906 11.620218, 76.207363 11.610845)))"
WAY_HEX_0400,750.0,9.95813929216834,150,287.7,0.42,0.22,396.5,996.3,"MULTIPOLYGON (((76.223912 11.620172, 76.212906 11.620218, 76.207444 11.629638, 76.212988 11.639011, 76.223994 11.638964, 76.229456 11.629545, 76.223912 11.620172)))"
WAY_HEX_0401,750.0,7.821460260157635,0,262.8,0.16,0.37,39.3,2612.6,"MULTIPOLYGON (((76.256929 11.62003, 76.245924 11.620077, 76.240462 11.629497, 76.246007 11.63887, 76.257013 11.638822, 76.262474 11.629402, 76.256929 11.62003)))"
WAY_HEX_0402,750.0,10.851130740873579,150,239.6,0.41,0.19,437.3,519.3,"MULTIPOLYGON (((76.311781 11.582201, 76.306323 11.591622, 76.311869 11.600993, 76.322873 11.600943, 76.328331 11.591522, 76.327902 11.590796, 76.32714 11.590334, 76.324068 11.588335, 76.32137 11.586022, 76.318502 11.582667, 76.318183 11.582172, 76.311781 11.582201)))"
WAY_HEX_0403,750.0,10.664593323238542,0,240.7,0.28,0.21,122.1,1956.7,"MULTIPOLYGON (((76.306323 11.591622, 76.295318 11.591671, 76.289859 11.601092, 76.295405 11.610463, 76.30641 11.610414, 76.311869 11.600993, 76.306323 11.591622)))"
WAY_HEX_0404,750.0,8.818702348912124,0,257.2,0.22,0.19,265.5,1332.8,"MULTIPOLYGON (((76.262305 11.591817, 76.256845 11.601237, 76.26239 11.61061, 76.273395 11.610561, 76.278855 11.601141, 76.27812 11.5999, 76.278036 11.599794, 76.274686 11.596162, 76.274257 11.593513, 76.271621 11.593649, 76.265369 11.593972, 76.26493 11.593877, 76.264826 11.593169, 76.264626 11.591807, 76.262305 11.591817)))"
WAY_HEX_0405,750.0,6.3214401614443725,0,222.2,0.34,0.19,142.6,69.1,"MULTIPOLYGON (((76.289859 11.601092, 76.278855 11.601141, 76.273395 11.610561, 76.27894 11.619933, 76.289946 11.619884, 76.295405 11.610463, 76.289859 11.601092)))"
WAY_HEX_0406,750.0,7.440651516393245,655,237.8,0.31,0.34,326.6,129.5,"MULTIPOLYGON (((76.322873 11.600943, 76.311869 11.600993, 76.30641 11.610414, 76.311956 11.619785, 76.322962 11.619734, 76.32842 11.610313, 76.322873 11.600943)))"
WAY_HEX_0407,750.0,7.9842045112118,952,251.9,0.37,0.33,602.0,2137.2,"MULTIPOLYGON (((76.273395 11.610561, 76.26239 11.61061, 76.256929 11.62003, 76.262474 11.629402, 76.27348 11.629353, 76.27894 11.619933, 76.273395 11.610561)))"
WAY_HEX_0408,750.0,8.038897590442044,0,211.5,0.36,0.34,288.7,1926.2,"MULTIPOLYGON (((76.30641 11.610414, 76.295405 11.610463, 76.289946 11.619884, 76.295492 11.629255, 76.306498 11.629206, 76.311956 11.619785, 76.30641 11.610414)))"
WAY_HEX_0409,750.0,8.995308695667354,570,253.4,0.22,0.34,781.5,2064.8,"MULTIPOLYGON (((76.289946 11.619884, 76.27894 11.619933, 76.27348 11.629353, 76.279026 11.638725, 76.290032 11.638676, 76.295492 11.629255, 76.289946 11.619884)))"
WAY_HEX_0410,750.0,8.694860051934546,0,256.5,0.29,0.31,57.1,2162.1,"MULTIPOLYGON (((76.27348 11.629353, 76.262474 11.629402, 76.257013 11.638822, 76.262559 11.648194, 76.273566 11.648146, 76.279026 11.638725, 76.27348 11.629353)))"
WAY_HEX_0411,750.0,8.22953202243752,814,251.1,0.37,0.3,312.3,3405.8,"MULTIPOLYGON (((76.306498 11.629206, 76.295492 11.629255, 76.290032 11.638676, 76.295579 11.648047, 76.306585 11.647998, 76.312044 11.638577, 76.306498 11.629206)))"
WAY_HEX_0412,750.0,7.5288221373405335,533,298.2,0.4,0.21,1005.0,1294.2,"MULTIPOLYGON (((76.157722 11.582858, 76.146717 11.582902, 76.141253 11.59232, 76.146794 11.601695, 76.157799 11.601651, 76.163263 11.592233, 76.157722 11.582858)))"
WAY_HEX_0413,750.0,6.4873491707343796,2140,337.8,0.17,0.27,390.3,882.4,"MULTIPOLYGON (((76.141253 11.59232, 76.130248 11.592364, 76.124783 11.601782, 76.130324 11.611157, 76.14133 11.611114, 76.146794 11.601695, 76.141253 11.59232)))"
WAY_HEX_0414,750.0,11.012535922156566,0,300.1,0.22,0.25,1024.8,2462.3,"MULTIPOLYGON (((76.174268 11.592188, 76.163263 11.592233, 76.157799 11.601651, 76.163341 11.611026, 76.174347 11.610981, 76.17981 11.601562, 76.174268 11.592188)))"
WAY_HEX_0415,750.0,5.973083926961023,918,293.7,0.38,0.3,141.2,765.9,"MULTIPOLYGON (((76.157799 11.601651, 76.146794 11.601695, 76.14133 11.611114, 76.146871 11.620488, 76.157877 11.620444, 76.163341 11.611026, 76.157799 11.601651)))"
WAY_HEX_0416,750.0,6.860708021628707,280,288.6,0.18,0.27,398.2,2782.7,"MULTIPOLYGON (((76.190815 11.601517, 76.17981 11.601562, 76.174347 11.610981, 76.179889 11.620355, 76.190895 11.62031, 76.196358 11.610891, 76.190815 11.601517)))"
WAY_HEX_0417,750.0,9.293422044160975,0,323.7,0.2,0.22,107.8,1364.4,"MULTIPOLYGON (((76.14133 11.611114, 76.130324 11.611157, 76.124859 11.620575, 76.1304 11.62995, 76.141406 11.629907, 76.146871 11.620488, 76.14133 11.611114)))"
WAY_HEX_0418,750.0,8.79815180120936,150,299.4,0.22,0.21,1.0,1148.2,"MULTIPOLYGON (((76.174347 11.610981, 76.163341 11.611026, 76.157877 11.620444, 76.163419 11.629819, 76.174425 11.629774, 76.179889 11.620355, 76.174347 11.610981)))"
WAY_HEX_0419,750.0,10.998617383840617,0,301.5,0.24,0.33,786.7,2784.5,"MULTIPOLYGON (((76.190895 11.62031, 76.179889 11.620355, 76.174425 11.629774, 76.179968 11.639148, 76.190975 11.639103, 76.196438 11.629683, 76.190895 11.62031)))"
WAY_HEX_0420,750.0,5.974859271289091,0,292.7,0.37,0.22,57.4,415.0,"MULTIPOLYGON (((76.157877 11.620444, 76.146871 11.620488, 76.141406 11.629907, 76.146948 11.639281, 76.157955 11.639237, 76.163419 11.629819, 76.157877 11.620444)))"
WAY_HEX_0421,750.0,10.992092966997848,0,320.6,0.39,0.23,50.8,1959.2,"MULTIPOLYGON (((76.174425 11.629774, 76.163419 11.629819, 76.157955 11.639237, 76.163497 11.648611, 76.174504 11.648567, 76.179968 11.639148, 76.174425 11.629774)))"
WAY_HEX_0422,750.0,8.781683666518882,0,207.5,0.4,0.2,135.2,2174.3,"MULTIPOLYGON (((76.304393 11.572838, 76.302267 11.571266, 76.301002 11.572853, 76.304393 11.572838)))"
WAY_HEX_0423,750.0,11.145968948319632,150,233.4,0.28,0.29,604.4,1338.0,"MULTIPOLYGON (((76.295318 11.591671, 76.306323 11.591622, 76.311781 11.582201, 76.307677 11.575267, 76.304393 11.572838, 76.301002 11.572853, 76.300911 11.572968, 76.299917 11.575053, 76.299384 11.578126, 76.299355 11.581166, 76.299083 11.582848, 76.298498 11.584428, 76.296917 11.587898, 76.295899 11.590417, 76.295146 11.590539, 76.294637 11.59052, 76.295318 11.591671)))"
WAY_HEX_0424,750.0,7.228503073196814,0,267.8,0.39,0.22,848.7,1024.3,"MULTIPOLYGON (((76.262305 11.591817, 76.264626 11.591807, 76.264461 11.590676, 76.262779 11.590651, 76.26206 11.590123, 76.26108 11.589503, 76.260777 11.589234, 76.262305 11.591817)))"
WAY_HEX_0425,750.0,6.657950731512415,150,223.8,0.19,0.24,263.8,1640.1,"MULTIPOLYGON (((76.278855 11.601141, 76.289859 11.601092, 76.295318 11.591671, 76.294637 11.59052, 76.291282 11.590396, 76.289086 11.590031, 76.286037 11.590276, 76.280763 11.598545, 76.280342 11.599083, 76.278921 11.6009, 76.27812 11.5999, 76.278855 11.601141)))"
WAY_HEX_0426,750.0,7.931793020985233,150,225.9,0.36,0.36,418.4,914.9,"MULTIPOLYGON (((76.311781 11.582201, 76.318183 11.582172, 76.317087 11.580473, 76.316005 11.5765, 76.310526 11.577373, 76.307677 11.575267, 76.311781 11.582201)))"
WAY_HEX_0427,750.0,10.028249653131555,0,226.3,0.28,0.23,1434.4,2215.2,"MULTIPOLYGON (((76.341351 11.58799, 76.340729 11.587984, 76.340619 11.589254, 76.341351 11.58799)), ((76.328331 11.591522, 76.329092 11.591518, 76.327902 11.590796, 76.328331 11.591522)))"
WAY_HEX_0428,750.0,6.578649299714848,150,200.3,0.18,0.19,189.8,3170.7,"MULTIPOLYGON (((76.344882 11.600841, 76.355887 11.60079, 76.360041 11.593616, 76.359907 11.593531, 76.358398 11.592226, 76.354208 11.589423, 76.351765 11.589376, 76.347582 11.589191, 76.343926 11.588018, 76.341351 11.58799, 76.340619 11.589254, 76.340441 11.591307, 76.3401 11.592763, 76.344882 11.600841)))"
WAY_HEX_0429,750.0,8.912685522699416,0,231.4,0.36,0.28,940.6,1289.1,"MULTIPOLYGON (((76.328331 11.591522, 76.322873 11.600943, 76.32842 11.610313, 76.339425 11.610262, 76.344882 11.600841, 76.3401 11.592763, 76.33997 11.59332, 76.336021 11.595719, 76.329092 11.591518, 76.328331 11.591522)))"
WAY_HEX_0430,750.0,6.057671198855845,150,199.7,0.43,0.24,1381.9,4739.8,"MULTIPOLYGON (((76.355887 11.60079, 76.361434 11.61016, 76.372439 11.610107, 76.377325 11.60167, 76.370598 11.599427, 76.367424 11.598307, 76.360041 11.593616, 76.355887 11.60079)))"
WAY_HEX_0431,750.0,10.226041217077372,150,199.8,0.25,0.21,827.5,3032.3,"MULTIPOLYGON (((76.355887 11.60079, 76.344882 11.600841, 76.339425 11.610262, 76.344972 11.619633, 76.355977 11.619581, 76.361434 11.61016, 76.355887 11.60079)))"
WAY_HEX_0432,750.0,5.719533563313612,0,227.8,0.2,0.33,313.2,1181.9,"MULTIPOLYGON (((76.339425 11.610262, 76.32842 11.610313, 76.322962 11.619734, 76.328509 11.629105, 76.339515 11.629054, 76.344972 11.619633, 76.339425 11.610262)))"
WAY_HEX_0433,750.0,11.16343026256789,0,186.8,0.17,0.37,3066.4,5997.2,"MULTIPOLYGON (((76.372439 11.610107, 76.377987 11.619477, 76.383271 11.619452, 76.383106 11.616468, 76.383244 11.614902, 76.383865 11.611993, 76.378219 11.608542, 76.377511 11.601732, 76.377325 11.60167, 76.372439 11.610107)))"
WAY_HEX_0434,750.0,11.268094553419814,0,166.9,0.14,0.37,4717.2,5464.4,"MULTIPOLYGON (((76.377987 11.619477, 76.372531 11.628899, 76.37808 11.638268, 76.389086 11.638215, 76.393319 11.630904, 76.38824 11.629795, 76.385436 11.626352, 76.383544 11.624401, 76.383271 11.619452, 76.377987 11.619477)))"
WAY_HEX_0435,750.0,5.7473839775388935,0,185.8,0.38,0.19,6188.0,7673.8,"MULTIPOLYGON (((76.411097 11.638108, 76.422103 11.638054, 76.425003 11.633044, 76.408707 11.634074, 76.411097 11.638108)))"
WAY_HEX_0436,750.0,9.070074011565156,0,188.3,0.3,0.28,4867.5,5909.8,"MULTIPOLYGON (((76.389086 11.638215, 76.394635 11.647584, 76.405641 11.647531, 76.411097 11.638108, 76.408707 11.634074, 76.406344 11.634223, 76.396501 11.631598, 76.393319 11.630904, 76.389086 11.638215)))"
WAY_HEX_0437,750.0,6.869442835172911,150,195.7,0.24,0.18,2804.7,4751.8,"MULTIPOLYGON (((76.372439 11.610107, 76.361434 11.61016, 76.355977 11.619581, 76.361526 11.628951, 76.372531 11.628899, 76.377987 11.619477, 76.372439 11.610107)))"
WAY_HEX_0438,750.0,9.859207122392439,0,193.1,0.24,0.23,2124.0,3234.4,"MULTIPOLYGON (((76.355977 11.619581, 76.344972 11.619633, 76.339515 11.629054, 76.345062 11.638424, 76.356068 11.638373, 76.361526 11.628951, 76.355977 11.619581)))"
WAY_HEX_0439,750.0,9.008906037172098,1093,199.9,0.16,0.22,509.1,1480.0,"MULTIPOLYGON (((76.322962 11.619734, 76.311956 11.619785, 76.306498 11.629206, 76.312044 11.638577, 76.32305 11.638526, 76.328509 11.629105, 76.322962 11.619734)))"
WAY_HEX_0440,750.0,5.756413573744047,0,216.4,0.13,0.28,633.0,2638.2,"MULTIPOLYGON (((76.339515 11.629054, 76.328509 11.629105, 76.32305 11.638526, 76.328598 11.647897, 76.339604 11.647846, 76.345062 11.638424, 76.339515 11.629054)))"
WAY_HEX_0441,750.0,11.323055912445398,150,184.6,0.31,0.29,3527.1,4029.5,"MULTIPOLYGON (((76.372531 11.628899, 76.361526 11.628951, 76.356068 11.638373, 76.361617 11.647742, 76.372623 11.64769, 76.37808 11.638268, 76.372531 11.628899)))"
WAY_HEX_0442,750.0,7.994890886061938,0,214.9,0.42,0.26,958.3,1944.5,"MULTIPOLYGON (((76.32305 11.638526, 76.312044 11.638577, 76.306585 11.647998, 76.312133 11.657368, 76.323139 11.657318, 76.328598 11.647897, 76.32305 11.638526)))"
WAY_HEX_0443,750.0,8.120490165976175,0,210.2,0.41,0.24,1458.2,2525.2,"MULTIPOLYGON (((76.356068 11.638373, 76.345062 11.638424, 76.339604 11.647846, 76.345153 11.657216, 76.356159 11.657164, 76.361617 11.647742, 76.356068 11.638373)))"
WAY_HEX_0444,750.0,8.153474781109733,150,219.1,0.19,0.27,1481.5,2082.4,"MULTIPOLYGON (((76.372623 11.64769, 76.361617 11.647742, 76.356159 11.657164, 76.361709 11.666534, 76.372715 11.666482, 76.378173 11.65706, 76.372623 11.64769)))"
WAY_HEX_0445,750.0,7.548321749823078,0,212.2,0.22,0.37,618.9,735.8,"MULTIPOLYGON (((76.339604 11.647846, 76.328598 11.647897, 76.323139 11.657318, 76.328687 11.666688, 76.339695 11.666637, 76.345153 11.657216, 76.339604 11.647846)))"
WAY_HEX_0446,750.0,5.583396801385996,280,213.4,0.22,0.21,108.9,67.1,"MULTIPOLYGON (((76.323139 11.657318, 76.312133 11.657368, 76.306673 11.666789, 76.312221 11.67616, 76.323228 11.67611, 76.328687 11.666688, 76.323139 11.657318)))"
WAY_HEX_0447,750.0,9.261267513999233,0,166.9,0.41,0.22,6790.9,8836.6,"MULTIPOLYGON (((76.422103 11.638054, 76.427653 11.647423, 76.438659 11.647368, 76.441866 11.641828, 76.440978 11.64028, 76.435082 11.635823, 76.432679 11.631493, 76.430286 11.630101, 76.426324 11.63296, 76.425003 11.633044, 76.422103 11.638054)))"
WAY_HEX_0448,750.0,5.870568691401399,0,161.7,0.25,0.25,5094.3,7015.4,"MULTIPOLYGON (((76.422103 11.638054, 76.411097 11.638108, 76.405641 11.647531, 76.411192 11.656899, 76.422198 11.656845, 76.427653 11.647423, 76.422103 11.638054)))"
WAY_HEX_0449,750.0,10.674124842027249,0,221.5,0.34,0.28,3056.9,4008.3,"MULTIPOLYGON (((76.389086 11.638215, 76.37808 11.638268, 76.372623 11.64769, 76.378173 11.65706, 76.389179 11.657007, 76.394635 11.647584, 76.389086 11.638215)))"
WAY_HEX_0450,750.0,9.158895965745792,0,179.1,0.25,0.3,5538.0,8183.5,"MULTIPOLYGON (((76.438659 11.647368, 76.427653 11.647423, 76.422198 11.656845, 76.427749 11.666213, 76.430827 11.666198, 76.431279 11.666076, 76.431822 11.665076, 76.432663 11.663523, 76.433307 11.66077, 76.435613 11.656956, 76.435848 11.656568, 76.435893 11.656494, 76.439323 11.652556, 76.439573 11.65227, 76.440509 11.650489, 76.438659 11.647368)))"
WAY_HEX_0451,750.0,10.448168087600255,0,194.4,0.29,0.31,3243.4,4952.3,"MULTIPOLYGON (((76.405641 11.647531, 76.394635 11.647584, 76.389179 11.657007, 76.394729 11.666376, 76.405736 11.666322, 76.411192 11.656899, 76.405641 11.647531)))"
WAY_HEX_0452,750.0,7.3435818000057616,0,196.0,0.27,0.33,3630.0,6427.3,"MULTIPOLYGON (((76.427749 11.666213, 76.422198 11.656845, 76.411192 11.656899, 76.405736 11.666322, 76.411287 11.67569, 76.415241 11.675671, 76.414945 11.674934, 76.415428 11.67358, 76.415732 11.672535, 76.417369 11.671707, 76.418654 11.670973, 76.419092 11.670826, 76.419706 11.671169, 76.420299 11.671834, 76.420536 11.672258, 76.420824 11.672381, 76.421624 11.671825, 76.422062 11.671388, 76.422795 11.671174, 76.423497 11.671465, 76.424466 11.671401, 76.424795 11.671317, 76.427749 11.666213)))"
WAY_HEX_0453,750.0,6.948558330125014,0,194.2,0.33,0.37,1503.9,2911.2,"MULTIPOLYGON (((76.389179 11.657007, 76.378173 11.65706, 76.372715 11.666482, 76.378265 11.675851, 76.389272 11.675798, 76.394729 11.666376, 76.389179 11.657007)))"
WAY_HEX_0454,750.0,7.2551638419626,0,185.7,0.32,0.28,4403.5,7595.1,"MULTIPOLYGON (((76.427749 11.666213, 76.424795 11.671317, 76.42521 11.67121, 76.426548 11.671116, 76.427009 11.670077, 76.427912 11.670021, 76.428474 11.669932, 76.429563 11.666539, 76.429866 11.666457, 76.430827 11.666198, 76.427749 11.666213)))"
WAY_HEX_0455,750.0,10.915275020653608,150,186.0,0.2,0.32,1582.5,4608.3,"MULTIPOLYGON (((76.405736 11.666322, 76.394729 11.666376, 76.389272 11.675798, 76.394823 11.685167, 76.405831 11.685113, 76.411287 11.67569, 76.405736 11.666322)))"
WAY_HEX_0456,750.0,7.160942667156945,150,173.6,0.32,0.19,2072.0,5790.9,"MULTIPOLYGON (((76.409697 11.691639, 76.409668 11.690573, 76.409082 11.690026, 76.408566 11.689729, 76.409697 11.691639)), ((76.411287 11.67569, 76.405831 11.685113, 76.408329 11.68933, 76.408271 11.68912, 76.408584 11.688463, 76.409013 11.687695, 76.409693 11.687708, 76.409946 11.687724, 76.410349 11.688008, 76.410726 11.687793, 76.411096 11.68734, 76.411015 11.686838, 76.411501 11.686412, 76.412194 11.686351, 76.412633 11.686312, 76.412842 11.685356, 76.412611 11.684353, 76.412295 11.683591, 76.412168 11.68294, 76.412134 11.682766, 76.412635 11.682099, 76.413075 11.681898, 76.413915 11.681816, 76.414033 11.681753, 76.413164 11.680198, 76.413383 11.679498, 76.414164 11.678844, 76.414253 11.677725, 76.414372 11.676935, 76.41546 11.676216, 76.415241 11.675671, 76.411287 11.67569)))"
WAY_HEX_0457,750.0,7.333683902817991,0,259.9,0.15,0.24,215.6,2484.1,"MULTIPOLYGON (((76.290032 11.638676, 76.279026 11.638725, 76.273566 11.648146, 76.279112 11.657517, 76.290119 11.657468, 76.295579 11.648047, 76.290032 11.638676)))"
WAY_HEX_0458,750.0,10.88729171335371,150,225.1,0.42,0.27,80.1,439.7,"MULTIPOLYGON (((76.273566 11.648146, 76.262559 11.648194, 76.257098 11.657614, 76.262644 11.666986, 76.273651 11.666938, 76.279112 11.657517, 76.273566 11.648146)))"
WAY_HEX_0459,750.0,10.248183938339604,280,245.2,0.41,0.33,4.9,2144.2,"MULTIPOLYGON (((76.306585 11.647998, 76.295579 11.648047, 76.290119 11.657468, 76.295666 11.666839, 76.306673 11.666789, 76.312133 11.657368, 76.306585 11.647998)))"
WAY_HEX_0460,750.0,8.34288014748443,280,256.9,0.41,0.36,313.6,1850.0,"MULTIPOLYGON (((76.290119 11.657468, 76.279112 11.657517, 76.273651 11.666938, 76.279198 11.676309, 76.290206 11.67626, 76.295666 11.666839, 76.290119 11.657468)))"
WAY_HEX_0461,750.0,10.728204571969417,0,272.0,0.35,0.21,317.9,388.8,"MULTIPOLYGON (((76.273651 11.666938, 76.262644 11.666986, 76.257183 11.676406, 76.262729 11.685778, 76.273737 11.68573, 76.279198 11.676309, 76.273651 11.666938)))"
WAY_HEX_0462,750.0,6.703240785261845,0,219.9,0.15,0.35,119.0,694.3,"MULTIPOLYGON (((76.306673 11.666789, 76.295666 11.666839, 76.290206 11.67626, 76.295753 11.685631, 76.306761 11.685581, 76.312221 11.67616, 76.306673 11.666789)))"
WAY_HEX_0463,750.0,8.834710624331432,0,234.8,0.43,0.24,66.1,1372.9,"MULTIPOLYGON (((76.290206 11.67626, 76.279198 11.676309, 76.273737 11.68573, 76.279284 11.695101, 76.290293 11.695052, 76.295753 11.685631, 76.290206 11.67626)))"
WAY_HEX_0464,750.0,5.9304615830261005,0,255.1,0.43,0.24,170.9,362.9,"MULTIPOLYGON (((76.273737 11.68573, 76.262729 11.685778, 76.257267 11.695199, 76.262814 11.704571, 76.273823 11.704522, 76.279284 11.695101, 76.273737 11.68573)))"
WAY_HEX_0465,750.0,6.5349918041479835,0,221.1,0.19,0.32,1063.1,1801.5,"MULTIPOLYGON (((76.306761 11.685581, 76.295753 11.685631, 76.290293 11.695052, 76.295841 11.704423, 76.306849 11.704373, 76.312309 11.694952, 76.306761 11.685581)))"
WAY_HEX_0466,750.0,11.505279043969963,0,243.2,0.43,0.21,1477.6,3636.4,"MULTIPOLYGON (((76.323318 11.694901, 76.312309 11.694952, 76.306849 11.704373, 76.312398 11.713744, 76.323407 11.713693, 76.328867 11.704272, 76.323318 11.694901)))"
WAY_HEX_0467,750.0,6.533085651802609,0,200.0,0.21,0.27,352.3,1113.2,"MULTIPOLYGON (((76.356159 11.657164, 76.345153 11.657216, 76.339695 11.666637, 76.345243 11.676007, 76.356251 11.675956, 76.361709 11.666534, 76.356159 11.657164)))"
WAY_HEX_0468,750.0,11.53344480034639,991,182.5,0.28,0.34,205.4,1031.8,"MULTIPOLYGON (((76.372715 11.666482, 76.361709 11.666534, 76.356251 11.675956, 76.3618 11.685325, 76.372808 11.685273, 76.378265 11.675851, 76.372715 11.666482)))"
WAY_HEX_0469,750.0,9.887328105439064,874,215.8,0.37,0.22,271.0,1331.8,"MULTIPOLYGON (((76.339695 11.666637, 76.328687 11.666688, 76.323228 11.67611, 76.328777 11.68548, 76.339785 11.685429, 76.345243 11.676007, 76.339695 11.666637)))"
WAY_HEX_0470,750.0,9.038776497494688,0,203.8,0.29,0.23,493.9,1508.9,"MULTIPOLYGON (((76.356251 11.675956, 76.345243 11.676007, 76.339785 11.685429, 76.345334 11.694799, 76.356342 11.694747, 76.3618 11.685325, 76.356251 11.675956)))"
WAY_HEX_0471,750.0,9.644159551911562,280,228.4,0.13,0.24,1811.2,2006.3,"MULTIPOLYGON (((76.323228 11.67611, 76.312221 11.67616, 76.306761 11.685581, 76.312309 11.694952, 76.323318 11.694901, 76.328777 11.68548, 76.323228 11.67611)))"
WAY_HEX_0472,750.0,9.444986329068252,150,204.1,0.43,0.2,2016.3,2532.9,"MULTIPOLYGON (((76.372808 11.685273, 76.3618 11.685325, 76.356342 11.694747, 76.361892 11.704117, 76.372901 11.704064, 76.378358 11.694642, 76.372808 11.685273)))"
WAY_HEX_0473,750.0,5.8567011995777944,0,206.3,0.41,0.33,1812.6,3410.2,"MULTIPOLYGON (((76.339785 11.685429, 76.328777 11.68548, 76.323318 11.694901, 76.328867 11.704272, 76.339875 11.704221, 76.345334 11.694799, 76.339785 11.685429)))"
WAY_HEX_0474,750.0,8.464800219651595,0,169.3,0.26,0.31,1473.0,4379.1,"MULTIPOLYGON (((76.389366 11.694589, 76.378358 11.694642, 76.372901 11.704064, 76.378451 11.713433, 76.38946 11.71338, 76.394917 11.703958, 76.389366 11.694589)))"
WAY_HEX_0475,750.0,10.40491665514024,150,205.7,0.15,0.2,2511.1,3455.2,"MULTIPOLYGON (((76.356342 11.694747, 76.345334 11.694799, 76.339875 11.704221, 76.345425 11.71359, 76.356434 11.713539, 76.361892 11.704117, 76.356342 11.694747)))"
WAY_HEX_0476,750.0,8.504921994810495,150,209.5,0.29,0.31,3541.2,4516.9,"MULTIPOLYGON (((76.372901 11.704064, 76.361892 11.704117, 76.356434 11.713539, 76.361984 11.722908, 76.372993 11.722855, 76.378451 11.713433, 76.372901 11.704064)))"
WAY_HEX_0477,750.0,9.27439641601875,0,200.6,0.13,0.26,327.4,3083.1,"MULTIPOLYGON (((76.389272 11.675798, 76.378265 11.675851, 76.372808 11.685273, 76.378358 11.694642, 76.389366 11.694589, 76.394823 11.685167, 76.389272 11.675798)))"
WAY_HEX_0478,750.0,7.9549657846706525,150,170.6,0.13,0.3,494.1,5152.9,"MULTIPOLYGON (((76.405831 11.685113, 76.394823 11.685167, 76.389366 11.694589, 76.394917 11.703958, 76.405925 11.703904, 76.411216 11.694768, 76.410986 11.694496, 76.410275 11.693325, 76.40972 11.692464, 76.409697 11.691639, 76.408566 11.689729, 76.408416 11.689643, 76.408329 11.68933, 76.405831 11.685113)))"
WAY_HEX_0479,750.0,10.397002818200383,0,179.9,0.45,0.21,116.3,6566.6,"MULTIPOLYGON (((76.415841 11.713251, 76.415852 11.713016, 76.415488 11.712397, 76.414055 11.71115, 76.413313 11.710698, 76.412763 11.711094, 76.412621 11.711566, 76.412596 11.712881, 76.412612 11.713267, 76.415841 11.713251)), ((76.405925 11.703904, 76.407726 11.706943, 76.408029 11.706825, 76.408193 11.70651, 76.408886 11.705746, 76.409044 11.705109, 76.408704 11.703927, 76.408598 11.702606, 76.409179 11.701598, 76.409492 11.700615, 76.41038 11.69954, 76.410275 11.699116, 76.409656 11.69882, 76.409419 11.698633, 76.409533 11.698259, 76.409838 11.698077, 76.410626 11.697918, 76.411064 11.697576, 76.411296 11.697398, 76.41115 11.696583, 76.411398 11.695656, 76.411624 11.695253, 76.411216 11.694768, 76.405925 11.703904)))"
WAY_HEX_0480,750.0,5.65162463060712,0,183.4,0.27,0.2,1109.2,6325.5,"MULTIPOLYGON (((76.405925 11.703904, 76.394917 11.703958, 76.38946 11.71338, 76.395011 11.722749, 76.40602 11.722695, 76.410309 11.71529, 76.409314 11.714688, 76.407961 11.714645, 76.406772 11.713221, 76.406412 11.711873, 76.405976 11.711274, 76.405328 11.71082, 76.404799 11.71077, 76.404066 11.71144, 76.403574 11.711631, 76.403252 11.711458, 76.4032 11.71041, 76.40335 11.709283, 76.403897 11.709016, 76.403993 11.708688, 76.403587 11.70831, 76.403309 11.708096, 76.40305 11.707645, 76.403154 11.707276, 76.403521 11.7072, 76.403938 11.706848, 76.404749 11.705786, 76.405243 11.705161, 76.406685 11.705458, 76.407116 11.706054, 76.407228 11.706692, 76.407551 11.707011, 76.407726 11.706943, 76.405925 11.703904)))"
WAY_HEX_0481,750.0,6.546216409734171,150,180.1,0.2,0.2,2189.8,8414.6,"MULTIPOLYGON (((76.40602 11.722695, 76.411573 11.732063, 76.422582 11.732009, 76.426592 11.725083, 76.426085 11.724689, 76.425921 11.723577, 76.425003 11.722715, 76.424933 11.721032, 76.423993 11.72006, 76.42305 11.719768, 76.42141 11.719568, 76.420062 11.71841, 76.419059 11.718192, 76.417811 11.718219, 76.417166 11.717651, 76.416435 11.715987, 76.415779 11.714556, 76.415841 11.713251, 76.412612 11.713267, 76.412681 11.714878, 76.411875 11.715381, 76.410755 11.71556, 76.410309 11.71529, 76.40602 11.722695)))"
WAY_HEX_0482,750.0,7.527622322258281,0,186.0,0.24,0.32,3047.6,7950.4,"MULTIPOLYGON (((76.40602 11.722695, 76.395011 11.722749, 76.389554 11.732171, 76.395106 11.74154, 76.406116 11.741486, 76.411573 11.732063, 76.40602 11.722695)))"
WAY_HEX_0483,750.0,7.9854237391564205,280,165.2,0.26,0.28,3189.6,9557.7,"MULTIPOLYGON (((76.422582 11.732009, 76.423713 11.733917, 76.425315 11.730624, 76.426211 11.726664, 76.427397 11.726128, 76.427269 11.725609, 76.426592 11.725083, 76.422582 11.732009)))"
WAY_HEX_0484,750.0,7.041723864026791,0,159.9,0.27,0.25,3709.1,9434.8,"MULTIPOLYGON (((76.422582 11.732009, 76.411573 11.732063, 76.406116 11.741486, 76.411668 11.750854, 76.412428 11.750851, 76.412045 11.748868, 76.412649 11.746066, 76.412376 11.744287, 76.411936 11.742543, 76.411396 11.742384, 76.41054 11.742225, 76.410314 11.742054, 76.410262 11.741532, 76.410448 11.741223, 76.411884 11.739996, 76.41282 11.739499, 76.413371 11.739651, 76.413911 11.740091, 76.416013 11.741788, 76.417531 11.742366, 76.417997 11.7426, 76.418289 11.742453, 76.418632 11.741762, 76.418955 11.741257, 76.422278 11.737611, 76.423415 11.73453, 76.423713 11.733917, 76.422582 11.732009)))"
WAY_HEX_0485,750.0,6.454072082576022,0,243.9,0.33,0.25,878.8,1474.9,"MULTIPOLYGON (((76.290293 11.695052, 76.279284 11.695101, 76.273823 11.704522, 76.279371 11.713893, 76.29038 11.713844, 76.295841 11.704423, 76.290293 11.695052)))"
WAY_HEX_0486,750.0,9.013569394130931,0,263.2,0.18,0.37,627.6,1559.5,"MULTIPOLYGON (((76.273823 11.704522, 76.262814 11.704571, 76.257352 11.713991, 76.262899 11.723363, 76.273909 11.723314, 76.279371 11.713893, 76.273823 11.704522)))"
WAY_HEX_0487,750.0,10.877413541402584,0,243.5,0.3,0.35,197.4,1836.1,"MULTIPOLYGON (((76.306849 11.704373, 76.295841 11.704423, 76.29038 11.713844, 76.295928 11.723215, 76.306938 11.723165, 76.312398 11.713744, 76.306849 11.704373)))"
WAY_HEX_0488,750.0,11.129450644106361,0,250.0,0.27,0.22,138.6,247.6,"MULTIPOLYGON (((76.29038 11.713844, 76.279371 11.713893, 76.273909 11.723314, 76.279457 11.732685, 76.290467 11.732636, 76.295928 11.723215, 76.29038 11.713844)))"
WAY_HEX_0489,750.0,6.261507034531837,150,221.9,0.27,0.2,1438.7,3366.7,"MULTIPOLYGON (((76.323407 11.713693, 76.312398 11.713744, 76.306938 11.723165, 76.312487 11.732535, 76.323496 11.732485, 76.328956 11.723063, 76.323407 11.713693)))"
WAY_HEX_0490,750.0,11.11392907018736,0,242.7,0.38,0.35,1009.9,1924.8,"MULTIPOLYGON (((76.306938 11.723165, 76.295928 11.723215, 76.290467 11.732636, 76.296016 11.742007, 76.307026 11.741957, 76.312487 11.732535, 76.306938 11.723165)))"
WAY_HEX_0491,750.0,9.37335010177428,0,218.0,0.38,0.37,2756.1,3974.2,"MULTIPOLYGON (((76.329046 11.741855, 76.323496 11.732485, 76.312487 11.732535, 76.307026 11.741957, 76.312576 11.751327, 76.317756 11.751303, 76.317768 11.751286, 76.319939 11.750166, 76.322472 11.749373, 76.324868 11.749064, 76.329046 11.741855)))"
WAY_HEX_0492,750.0,6.306286172822762,0,232.4,0.37,0.2,1815.4,2171.3,"MULTIPOLYGON (((76.290467 11.732636, 76.279457 11.732685, 76.273995 11.742106, 76.279544 11.751477, 76.290555 11.751428, 76.296016 11.742007, 76.290467 11.732636)))"
WAY_HEX_0493,750.0,7.931870594920889,0,243.8,0.45,0.25,3083.7,3560.7,"MULTIPOLYGON (((76.307026 11.741957, 76.296016 11.742007, 76.290555 11.751428, 76.296104 11.760799, 76.307115 11.760748, 76.312576 11.751327, 76.307026 11.741957)))"
WAY_HEX_0494,750.0,10.506755348592005,0,238.0,0.15,0.36,3890.2,4243.6,"MULTIPOLYGON (((76.290555 11.751428, 76.279544 11.751477, 76.274082 11.760898, 76.279631 11.770269, 76.290642 11.770219, 76.296104 11.760799, 76.290555 11.751428)))"
WAY_HEX_0495,750.0,8.634670873670434,150,224.1,0.18,0.24,3033.0,5108.5,"MULTIPOLYGON (((76.339875 11.704221, 76.328867 11.704272, 76.323407 11.713693, 76.328956 11.723063, 76.339966 11.723012, 76.345425 11.71359, 76.339875 11.704221)))"
WAY_HEX_0496,750.0,9.911168277412804,280,206.9,0.17,0.26,4583.2,5499.1,"MULTIPOLYGON (((76.356434 11.713539, 76.345425 11.71359, 76.339966 11.723012, 76.345516 11.732382, 76.356525 11.73233, 76.361984 11.722908, 76.356434 11.713539)))"
WAY_HEX_0497,750.0,7.996995324483543,0,195.8,0.28,0.29,2823.6,6122.7,"MULTIPOLYGON (((76.38946 11.71338, 76.378451 11.713433, 76.372993 11.722855, 76.378544 11.732225, 76.389554 11.732171, 76.395011 11.722749, 76.38946 11.71338)))"
WAY_HEX_0498,750.0,10.073558692237967,0,199.0,0.21,0.31,4803.2,6559.2,"MULTIPOLYGON (((76.372993 11.722855, 76.361984 11.722908, 76.356525 11.73233, 76.362076 11.741699, 76.373086 11.741647, 76.378544 11.732225, 76.372993 11.722855)))"
WAY_HEX_0499,750.0,10.20111634410852,280,202.6,0.39,0.2,3480.9,5268.6,"MULTIPOLYGON (((76.345516 11.732382, 76.339966 11.723012, 76.328956 11.723063, 76.323496 11.732485, 76.329046 11.741855, 76.336903 11.741818, 76.33707 11.74151, 76.33943 11.740489, 76.340341 11.738211, 76.341853 11.738247, 76.342055 11.738354, 76.345516 11.732382)))"
WAY_HEX_0500,750.0,9.876209391616547,0,193.5,0.12,0.32,5549.2,7058.5,"MULTIPOLYGON (((76.362076 11.741699, 76.356525 11.73233, 76.345516 11.732382, 76.342055 11.738354, 76.34359 11.739166, 76.348095 11.73945, 76.350318 11.739295, 76.351585 11.73801, 76.352742 11.738338, 76.354011 11.739503, 76.355257 11.741145, 76.356615 11.743304, 76.359194 11.745154, 76.359745 11.745724, 76.362076 11.741699)))"
WAY_HEX_0501,750.0,6.767369359172416,0,180.4,0.23,0.25,4429.1,7920.4,"MULTIPOLYGON (((76.389648 11.750962, 76.395106 11.74154, 76.389554 11.732171, 76.378544 11.732225, 76.373086 11.741647, 76.375159 11.745145, 76.376516 11.744544, 76.379023 11.745119, 76.381026 11.746339, 76.383896 11.746612, 76.385369 11.747999, 76.386393 11.748398, 76.38833 11.750969, 76.389648 11.750962)))"
WAY_HEX_0502,750.0,5.627716390244034,0,217.4,0.42,0.33,3962.0,5348.3,"MULTIPOLYGON (((76.329046 11.741855, 76.324868 11.749064, 76.327178 11.748766, 76.330026 11.747697, 76.331612 11.746302, 76.335694 11.744061, 76.336903 11.741818, 76.329046 11.741855)))"
WAY_HEX_0503,750.0,8.517465347515829,0,184.7,0.14,0.21,5856.8,7908.8,"MULTIPOLYGON (((76.373086 11.741647, 76.362076 11.741699, 76.359745 11.745724, 76.360806 11.746822, 76.362384 11.748168, 76.365335 11.747696, 76.367002 11.748061, 76.368898 11.747742, 76.372278 11.746421, 76.375159 11.745145, 76.373086 11.741647)))"
WAY_HEX_0504,750.0,7.334675397919921,0,196.2,0.16,0.38,4830.3,9522.1,"MULTIPOLYGON (((76.411668 11.750854, 76.406116 11.741486, 76.395106 11.74154, 76.389648 11.750962, 76.391964 11.75487, 76.393491 11.755405, 76.394266 11.75402, 76.396006 11.75259, 76.398572 11.751519, 76.400738 11.752196, 76.402351 11.753652, 76.405326 11.756905, 76.406221 11.756863, 76.40787 11.757413, 76.411668 11.750854)))"
WAY_HEX_0505,750.0,9.818517930212632,0,180.1,0.29,0.31,5575.8,10802.9,"MULTIPOLYGON (((76.411668 11.750854, 76.40787 11.757413, 76.408763 11.757711, 76.409577 11.758746, 76.411292 11.759131, 76.413399 11.758659, 76.413648 11.758376, 76.414688 11.757652, 76.415237 11.756836, 76.415406 11.756335, 76.415738 11.755001, 76.414638 11.753549, 76.412799 11.752907, 76.412524 11.751349, 76.412428 11.750851, 76.411668 11.750854)))"
WAY_HEX_0506,750.0,10.781509150916456,150,183.3,0.28,0.26,5521.3,9405.9,"MULTIPOLYGON (((76.389648 11.750962, 76.38833 11.750969, 76.391022 11.75454, 76.391964 11.75487, 76.389648 11.750962)))"
WAY_HEX_0507,750.0,8.02786390018331,280,215.1,0.18,0.28,4086.6,4833.7,"MULTIPOLYGON (((76.312576 11.751327, 76.307115 11.760748, 76.311491 11.768138, 76.311606 11.767744, 76.314335 11.761547, 76.31439 11.757574, 76.314681 11.75649, 76.316759 11.754558, 76.316613 11.752909, 76.317756 11.751303, 76.312576 11.751327)))"
WAY_HEX_0508,750.0,5.927124683891773,0,244.2,0.27,0.18,5125.4,5493.7,"MULTIPOLYGON (((76.307115 11.760748, 76.296104 11.760799, 76.290642 11.770219, 76.296192 11.77959, 76.307203 11.77954, 76.309143 11.776193, 76.311491 11.768138, 76.307115 11.760748)))"
WAY_HEX_0509,750.0,10.474675466254538,0,264.9,0.17,0.29,3953.1,5654.9,"MULTIPOLYGON (((76.274082 11.760898, 76.263071 11.760947, 76.257608 11.770367, 76.263156 11.779739, 76.274168 11.77969, 76.279631 11.770269, 76.274082 11.760898)))"
WAY_HEX_0510,750.0,5.594269318871156,150,261.1,0.14,0.19,5967.5,6319.9,"MULTIPOLYGON (((76.290642 11.770219, 76.279631 11.770269, 76.274168 11.77969, 76.279718 11.789061, 76.29073 11.789011, 76.296192 11.77959, 76.290642 11.770219)))"
WAY_HEX_0511,750.0,8.29603608036934,0,229.0,0.34,0.37,6197.8,6656.5,"MULTIPOLYGON (((76.307203 11.77954, 76.308185 11.781197, 76.308385 11.778796, 76.309143 11.776193, 76.307203 11.77954)))"
WAY_HEX_0512,750.0,7.729666708609411,0,247.8,0.2,0.33,5537.6,6931.6,"MULTIPOLYGON (((76.274168 11.77969, 76.263156 11.779739, 76.257693 11.789159, 76.263242 11.798531, 76.274255 11.798482, 76.279718 11.789061, 76.274168 11.77969)))"
WAY_HEX_0513,750.0,11.416319410518994,0,203.1,0.18,0.3,6665.8,6973.3,"MULTIPOLYGON (((76.307203 11.77954, 76.296192 11.77959, 76.29073 11.789011, 76.292607 11.792182, 76.293687 11.79199, 76.30136 11.785593, 76.304112 11.786094, 76.30556 11.785912, 76.30751 11.784473, 76.308036 11.78299, 76.308185 11.781197, 76.307203 11.77954)))"
WAY_HEX_0514,750.0,10.648630975182716,0,241.9,0.34,0.29,7097.2,8223.5,"MULTIPOLYGON (((76.29073 11.789011, 76.279718 11.789061, 76.274255 11.798482, 76.279805 11.807853, 76.2823 11.807842, 76.283199 11.805376, 76.285295 11.800109, 76.288074 11.795653, 76.290641 11.79253, 76.292607 11.792182, 76.29073 11.789011)))"
WAY_HEX_0515,750.0,5.920951293337406,0,273.1,0.13,0.2,671.9,1101.0,"MULTIPOLYGON (((76.240462 11.629497, 76.229456 11.629545, 76.223994 11.638964, 76.229539 11.648337, 76.240546 11.64829, 76.246007 11.63887, 76.240462 11.629497)))"
WAY_HEX_0516,750.0,7.835118184000489,0,267.9,0.18,0.27,311.9,1925.4,"MULTIPOLYGON (((76.207444 11.629638, 76.196438 11.629683, 76.190975 11.639103, 76.196518 11.648476, 76.207525 11.64843, 76.212988 11.639011, 76.207444 11.629638)))"
WAY_HEX_0517,750.0,7.920965001351122,0,254.0,0.42,0.19,149.4,1365.1,"MULTIPOLYGON (((76.257013 11.638822, 76.246007 11.63887, 76.240546 11.64829, 76.246091 11.657662, 76.257098 11.657614, 76.262559 11.648194, 76.257013 11.638822)))"
WAY_HEX_0518,750.0,5.699430597661508,280,270.8,0.17,0.18,62.2,2056.1,"MULTIPOLYGON (((76.223994 11.638964, 76.212988 11.639011, 76.207525 11.64843, 76.213069 11.657803, 76.224077 11.657757, 76.229539 11.648337, 76.223994 11.638964)))"
WAY_HEX_0519,750.0,9.326179335716738,0,264.5,0.15,0.23,370.5,1016.0,"MULTIPOLYGON (((76.207525 11.64843, 76.196518 11.648476, 76.191055 11.657895, 76.196599 11.667269, 76.207606 11.667223, 76.213069 11.657803, 76.207525 11.64843)))"
WAY_HEX_0520,750.0,6.533242922188754,150,269.2,0.28,0.23,88.6,1036.6,"MULTIPOLYGON (((76.240546 11.64829, 76.229539 11.648337, 76.224077 11.657757, 76.229621 11.667129, 76.240629 11.667082, 76.246091 11.657662, 76.240546 11.64829)))"
WAY_HEX_0521,750.0,9.893046953929549,150,275.0,0.25,0.28,371.4,1506.4,"MULTIPOLYGON (((76.224077 11.657757, 76.213069 11.657803, 76.207606 11.667223, 76.213151 11.676596, 76.224159 11.676549, 76.229621 11.667129, 76.224077 11.657757)))"
WAY_HEX_0522,750.0,9.07654441850154,760,267.3,0.27,0.37,65.9,386.2,"MULTIPOLYGON (((76.257098 11.657614, 76.246091 11.657662, 76.240629 11.667082, 76.246175 11.676454, 76.257183 11.676406, 76.262644 11.666986, 76.257098 11.657614)))"
WAY_HEX_0523,750.0,10.553177275123245,0,289.5,0.14,0.2,710.4,1129.4,"MULTIPOLYGON (((76.207606 11.667223, 76.196599 11.667269, 76.191135 11.676688, 76.196679 11.686061, 76.207688 11.686015, 76.213151 11.676596, 76.207606 11.667223)))"
WAY_HEX_0524,750.0,5.969915629114745,150,240.6,0.21,0.25,350.9,814.5,"MULTIPOLYGON (((76.240629 11.667082, 76.229621 11.667129, 76.224159 11.676549, 76.229704 11.685922, 76.240713 11.685874, 76.246175 11.676454, 76.240629 11.667082)))"
WAY_HEX_0525,750.0,9.70454018858521,0,298.3,0.37,0.24,1026.6,1440.2,"MULTIPOLYGON (((76.141406 11.629907, 76.1304 11.62995, 76.124934 11.639368, 76.130476 11.648743, 76.141483 11.6487, 76.146948 11.639281, 76.141406 11.629907)))"
WAY_HEX_0526,750.0,10.761874728388612,0,286.6,0.19,0.28,533.9,1025.4,"MULTIPOLYGON (((76.157955 11.639237, 76.146948 11.639281, 76.141483 11.6487, 76.147025 11.658074, 76.158032 11.65803, 76.163497 11.648611, 76.157955 11.639237)))"
WAY_HEX_0527,750.0,7.103178466543925,150,255.9,0.21,0.37,695.6,2397.5,"MULTIPOLYGON (((76.190975 11.639103, 76.179968 11.639148, 76.174504 11.648567, 76.180047 11.657941, 76.191055 11.657895, 76.196518 11.648476, 76.190975 11.639103)))"
WAY_HEX_0528,750.0,6.644630674233794,0,299.9,0.29,0.32,785.6,991.5,"MULTIPOLYGON (((76.141483 11.6487, 76.130476 11.648743, 76.12501 11.658161, 76.130552 11.667536, 76.14156 11.667493, 76.147025 11.658074, 76.141483 11.6487)))"
WAY_HEX_0529,750.0,10.4497178261725,905,308.8,0.17,0.38,131.9,323.5,"MULTIPOLYGON (((76.174504 11.648567, 76.163497 11.648611, 76.158032 11.65803, 76.163575 11.667404, 76.174583 11.66736, 76.180047 11.657941, 76.174504 11.648567)))"
WAY_HEX_0530,750.0,10.176284412472656,0,298.8,0.4,0.36,109.1,1129.6,"MULTIPOLYGON (((76.158032 11.65803, 76.147025 11.658074, 76.14156 11.667493, 76.147102 11.676867, 76.15811 11.676823, 76.163575 11.667404, 76.158032 11.65803)))"
WAY_HEX_0531,750.0,7.586036016742347,0,278.5,0.36,0.35,655.8,1535.6,"MULTIPOLYGON (((76.191055 11.657895, 76.180047 11.657941, 76.174583 11.66736, 76.180127 11.676733, 76.191135 11.676688, 76.196599 11.667269, 76.191055 11.657895)))"
WAY_HEX_0532,750.0,7.59133980027446,0,290.9,0.2,0.3,0.6,1310.3,"MULTIPOLYGON (((76.174583 11.66736, 76.163575 11.667404, 76.15811 11.676823, 76.163654 11.686197, 76.174662 11.686152, 76.180127 11.676733, 76.174583 11.66736)))"
WAY_HEX_0533,750.0,7.201433006775346,835,311.0,0.2,0.33,73.6,643.7,"MULTIPOLYGON (((76.14156 11.667493, 76.130552 11.667536, 76.125086 11.676954, 76.130628 11.686329, 76.141636 11.686286, 76.147102 11.676867, 76.14156 11.667493)))"
WAY_HEX_0534,750.0,7.681114483787322,0,306.1,0.13,0.31,292.9,2033.0,"MULTIPOLYGON (((76.15811 11.676823, 76.147102 11.676867, 76.141636 11.686286, 76.147179 11.69566, 76.158188 11.695616, 76.163654 11.686197, 76.15811 11.676823)))"
WAY_HEX_0535,750.0,6.7114696461393475,0,272.3,0.35,0.36,346.6,1126.8,"MULTIPOLYGON (((76.224159 11.676549, 76.213151 11.676596, 76.207688 11.686015, 76.213233 11.695388, 76.224241 11.695342, 76.229704 11.685922, 76.224159 11.676549)))"
WAY_HEX_0536,750.0,6.207924071917449,0,263.9,0.32,0.31,195.2,1526.1,"MULTIPOLYGON (((76.257183 11.676406, 76.246175 11.676454, 76.240713 11.685874, 76.246259 11.695247, 76.257267 11.695199, 76.262729 11.685778, 76.257183 11.676406)))"
WAY_HEX_0537,750.0,8.75164625948073,0,268.7,0.44,0.28,139.1,1208.4,"MULTIPOLYGON (((76.207688 11.686015, 76.196679 11.686061, 76.191215 11.695481, 76.19676 11.704854, 76.207769 11.704808, 76.213233 11.695388, 76.207688 11.686015)))"
WAY_HEX_0538,750.0,6.793408725380458,0,278.5,0.35,0.23,1029.6,1527.2,"MULTIPOLYGON (((76.240713 11.685874, 76.229704 11.685922, 76.224241 11.695342, 76.229787 11.704714, 76.240796 11.704667, 76.246259 11.695247, 76.240713 11.685874)))"
WAY_HEX_0539,750.0,6.359731196952321,0,272.5,0.39,0.19,874.9,1009.6,"MULTIPOLYGON (((76.224241 11.695342, 76.213233 11.695388, 76.207769 11.704808, 76.213315 11.714181, 76.224324 11.714134, 76.229787 11.704714, 76.224241 11.695342)))"
WAY_HEX_0540,750.0,9.785939185449786,0,253.8,0.44,0.29,1055.8,1766.4,"MULTIPOLYGON (((76.257267 11.695199, 76.246259 11.695247, 76.240796 11.704667, 76.246343 11.714039, 76.257352 11.713991, 76.262814 11.704571, 76.257267 11.695199)))"
WAY_HEX_0541,750.0,11.404947529431249,150,255.1,0.21,0.19,1870.4,2529.5,"MULTIPOLYGON (((76.240796 11.704667, 76.229787 11.704714, 76.224324 11.714134, 76.22987 11.723507, 76.24088 11.723459, 76.246343 11.714039, 76.240796 11.704667)))"
WAY_HEX_0542,750.0,10.133868285860203,0,289.4,0.44,0.18,315.0,1141.5,"MULTIPOLYGON (((76.207769 11.704808, 76.19676 11.704854, 76.191296 11.714273, 76.196841 11.723647, 76.207851 11.7236, 76.213315 11.714181, 76.207769 11.704808)))"
WAY_HEX_0543,750.0,9.777342948383735,0,241.1,0.16,0.28,80.5,3364.0,"MULTIPOLYGON (((76.257352 11.713991, 76.246343 11.714039, 76.24088 11.723459, 76.246427 11.732831, 76.257437 11.732783, 76.262899 11.723363, 76.257352 11.713991)))"
WAY_HEX_0544,750.0,9.001317909337072,150,278.1,0.32,0.37,1667.2,2380.4,"MULTIPOLYGON (((76.224324 11.714134, 76.213315 11.714181, 76.207851 11.7236, 76.213397 11.732973, 76.224407 11.732926, 76.22987 11.723507, 76.224324 11.714134)))"
WAY_HEX_0545,750.0,7.197582941477969,150,300.1,0.43,0.26,1028.3,1383.4,"MULTIPOLYGON (((76.191135 11.676688, 76.180127 11.676733, 76.174662 11.686152, 76.180206 11.695526, 76.191215 11.695481, 76.196679 11.686061, 76.191135 11.676688)))"
WAY_HEX_0546,750.0,10.964211834979658,0,287.8,0.21,0.2,289.2,719.6,"MULTIPOLYGON (((76.174662 11.686152, 76.163654 11.686197, 76.158188 11.695616, 76.163732 11.70499, 76.174742 11.704945, 76.180206 11.695526, 76.174662 11.686152)))"
WAY_HEX_0547,750.0,6.375654221367344,0,310.3,0.43,0.21,471.3,1002.3,"MULTIPOLYGON (((76.158188 11.695616, 76.147179 11.69566, 76.141714 11.705079, 76.147257 11.714453, 76.158267 11.714409, 76.163732 11.70499, 76.158188 11.695616)))"
WAY_HEX_0548,750.0,11.227626662226736,963,303.2,0.31,0.35,46.4,968.0,"MULTIPOLYGON (((76.191215 11.695481, 76.180206 11.695526, 76.174742 11.704945, 76.180286 11.714319, 76.191296 11.714273, 76.19676 11.704854, 76.191215 11.695481)))"
WAY_HEX_0549,750.0,9.2564131932576,0,331.1,0.4,0.21,670.6,975.0,"MULTIPOLYGON (((76.141714 11.705079, 76.130704 11.705122, 76.125237 11.71454, 76.130781 11.723915, 76.141791 11.723872, 76.147257 11.714453, 76.141714 11.705079)))"
WAY_HEX_0550,750.0,9.725422480657796,280,306.7,0.36,0.22,72.5,1352.5,"MULTIPOLYGON (((76.174742 11.704945, 76.163732 11.70499, 76.158267 11.714409, 76.163811 11.723783, 76.174821 11.723738, 76.180286 11.714319, 76.174742 11.704945)))"
WAY_HEX_0551,750.0,11.554807736497114,684,289.9,0.4,0.31,42.2,30.8,"MULTIPOLYGON (((76.158267 11.714409, 76.147257 11.714453, 76.141791 11.723872, 76.147335 11.733246, 76.158345 11.733202, 76.163811 11.723783, 76.158267 11.714409)))"
WAY_HEX_0552,750.0,9.984933398718072,671,289.6,0.37,0.19,611.5,1140.4,"MULTIPOLYGON (((76.191296 11.714273, 76.180286 11.714319, 76.174821 11.723738, 76.180366 11.733112, 76.191376 11.733066, 76.196841 11.723647, 76.191296 11.714273)))"
WAY_HEX_0553,750.0,10.821380748812837,780,285.0,0.24,0.25,658.1,1089.6,"MULTIPOLYGON (((76.174821 11.723738, 76.163811 11.723783, 76.158345 11.733202, 76.16389 11.742576, 76.1749 11.742531, 76.180366 11.733112, 76.174821 11.723738)))"
WAY_HEX_0554,750.0,8.526517471127256,773,300.0,0.19,0.31,904.4,1082.2,"MULTIPOLYGON (((76.191376 11.733066, 76.180366 11.733112, 76.1749 11.742531, 76.180446 11.751904, 76.191457 11.751858, 76.196922 11.742439, 76.191376 11.733066)))"
WAY_HEX_0555,750.0,9.657711373245792,1083,304.9,0.25,0.36,447.5,110.2,"MULTIPOLYGON (((76.108685 11.705208, 76.097676 11.705251, 76.092208 11.714668, 76.09775 11.724044, 76.10876 11.724002, 76.114228 11.714584, 76.108685 11.705208)))"
WAY_HEX_0556,750.0,10.500980055033324,0,317.5,0.44,0.3,541.3,816.6,"MULTIPOLYGON (((76.125237 11.71454, 76.114228 11.714584, 76.10876 11.724002, 76.114303 11.733377, 76.125313 11.733334, 76.130781 11.723915, 76.125237 11.71454)))"
WAY_HEX_0557,750.0,11.216897271606,770,329.2,0.32,0.28,554.7,570.2,"MULTIPOLYGON (((76.092208 11.714668, 76.081198 11.71471, 76.075729 11.724128, 76.081271 11.733504, 76.092282 11.733462, 76.09775 11.724044, 76.092208 11.714668)))"
WAY_HEX_0558,750.0,11.542022511360955,637,337.0,0.17,0.28,492.2,1730.6,"MULTIPOLYGON (((76.10876 11.724002, 76.09775 11.724044, 76.092282 11.733462, 76.097824 11.742837, 76.108835 11.742795, 76.114303 11.733377, 76.10876 11.724002)))"
WAY_HEX_0559,750.0,7.707955734322924,0,313.1,0.2,0.29,396.5,1555.2,"MULTIPOLYGON (((76.141791 11.723872, 76.130781 11.723915, 76.125313 11.733334, 76.130857 11.742708, 76.141868 11.742665, 76.147335 11.733246, 76.141791 11.723872)))"
WAY_HEX_0560,750.0,7.8530843069371095,617,332.0,0.23,0.31,39.9,41.9,"MULTIPOLYGON (((76.125313 11.733334, 76.114303 11.733377, 76.108835 11.742795, 76.114378 11.75217, 76.12539 11.752127, 76.130857 11.742708, 76.125313 11.733334)))"
WAY_HEX_0561,750.0,6.247603526421876,0,355.4,0.34,0.27,401.6,1502.2,"MULTIPOLYGON (((76.092282 11.733462, 76.081271 11.733504, 76.075802 11.742921, 76.081344 11.752297, 76.092356 11.752255, 76.097824 11.742837, 76.092282 11.733462)))"
WAY_HEX_0562,750.0,9.135219891239686,0,334.0,0.43,0.27,1408.8,2055.0,"MULTIPOLYGON (((76.141868 11.742665, 76.130857 11.742708, 76.12539 11.752127, 76.130934 11.761501, 76.141945 11.761457, 76.147412 11.752039, 76.141868 11.742665)))"
WAY_HEX_0563,750.0,10.457073353198899,0,332.3,0.25,0.24,523.7,2120.3,"MULTIPOLYGON (((76.108835 11.742795, 76.097824 11.742837, 76.092356 11.752255, 76.097899 11.76163, 76.10891 11.761588, 76.114378 11.75217, 76.108835 11.742795)))"
WAY_HEX_0564,750.0,6.6382049227012425,150,348.2,0.37,0.21,160.8,2855.5,"MULTIPOLYGON (((76.092356 11.752255, 76.081344 11.752297, 76.075875 11.761714, 76.081417 11.77109, 76.09243 11.771048, 76.097899 11.76163, 76.092356 11.752255)))"
WAY_HEX_0565,750.0,11.017496175243908,0,234.2,0.34,0.22,979.9,2321.9,"MULTIPOLYGON (((76.273909 11.723314, 76.262899 11.723363, 76.257437 11.732783, 76.262985 11.742155, 76.273995 11.742106, 76.279457 11.732685, 76.273909 11.723314)))"
WAY_HEX_0566,750.0,8.78981155049351,0,300.4,0.28,0.32,342.7,2330.4,"MULTIPOLYGON (((76.207851 11.7236, 76.196841 11.723647, 76.191376 11.733066, 76.196922 11.742439, 76.207932 11.742393, 76.213397 11.732973, 76.207851 11.7236)))"
WAY_HEX_0567,750.0,11.510071794797186,0,266.1,0.4,0.31,894.0,4318.2,"MULTIPOLYGON (((76.24088 11.723459, 76.22987 11.723507, 76.224407 11.732926, 76.229954 11.742299, 76.240964 11.742251, 76.246427 11.732831, 76.24088 11.723459)))"
WAY_HEX_0568,750.0,6.983516153014432,0,261.0,0.2,0.24,1134.0,4400.1,"MULTIPOLYGON (((76.257437 11.732783, 76.246427 11.732831, 76.240964 11.742251, 76.246512 11.751623, 76.257522 11.751575, 76.262985 11.742155, 76.257437 11.732783)))"
WAY_HEX_0569,750.0,9.998665026812152,0,278.8,0.15,0.19,198.0,2468.9,"MULTIPOLYGON (((76.224407 11.732926, 76.213397 11.732973, 76.207932 11.742393, 76.213479 11.751766, 76.22449 11.751719, 76.229954 11.742299, 76.224407 11.732926)))"
WAY_HEX_0570,750.0,6.10245857225526,0,240.2,0.36,0.26,2982.1,3790.1,"MULTIPOLYGON (((76.273995 11.742106, 76.262985 11.742155, 76.257522 11.751575, 76.263071 11.760947, 76.274082 11.760898, 76.279544 11.751477, 76.273995 11.742106)))"
WAY_HEX_0571,750.0,10.556053539823935,0,268.5,0.37,0.36,325.8,3923.4,"MULTIPOLYGON (((76.240964 11.742251, 76.229954 11.742299, 76.22449 11.751719, 76.230037 11.761091, 76.241048 11.761043, 76.246512 11.751623, 76.240964 11.742251)))"
WAY_HEX_0572,750.0,11.523060319776487,280,257.5,0.21,0.37,1951.0,5714.4,"MULTIPOLYGON (((76.257522 11.751575, 76.246512 11.751623, 76.241048 11.761043, 76.246596 11.770416, 76.257608 11.770367, 76.263071 11.760947, 76.257522 11.751575)))"
WAY_HEX_0573,750.0,10.088394659704843,0,276.4,0.32,0.37,1540.4,2264.5,"MULTIPOLYGON (((76.22449 11.751719, 76.213479 11.751766, 76.208014 11.761185, 76.213561 11.770558, 76.224573 11.770511, 76.230037 11.761091, 76.22449 11.751719)))"
WAY_HEX_0574,750.0,8.000998021884461,0,255.2,0.22,0.34,2392.9,3671.1,"MULTIPOLYGON (((76.241048 11.761043, 76.230037 11.761091, 76.224573 11.770511, 76.230121 11.779883, 76.241133 11.779836, 76.246596 11.770416, 76.241048 11.761043)))"
WAY_HEX_0575,750.0,7.983801624266627,150,285.6,0.24,0.35,1293.5,1934.3,"MULTIPOLYGON (((76.158345 11.733202, 76.147335 11.733246, 76.141868 11.742665, 76.147412 11.752039, 76.158424 11.751994, 76.16389 11.742576, 76.158345 11.733202)))"
WAY_HEX_0576,750.0,10.463350498734298,0,290.8,0.43,0.23,174.7,392.2,"MULTIPOLYGON (((76.207932 11.742393, 76.196922 11.742439, 76.191457 11.751858, 76.197003 11.761232, 76.208014 11.761185, 76.213479 11.751766, 76.207932 11.742393)))"
WAY_HEX_0577,750.0,10.167098501071854,0,278.9,0.35,0.19,602.6,2026.4,"MULTIPOLYGON (((76.1749 11.742531, 76.16389 11.742576, 76.158424 11.751994, 76.163969 11.761368, 76.17498 11.761323, 76.180446 11.751904, 76.1749 11.742531)))"
WAY_HEX_0578,750.0,7.181958014302072,280,295.1,0.18,0.2,2036.0,2532.9,"MULTIPOLYGON (((76.158424 11.751994, 76.147412 11.752039, 76.141945 11.761457, 76.14749 11.770832, 76.158502 11.770787, 76.163969 11.761368, 76.158424 11.751994)))"
WAY_HEX_0579,750.0,8.194646787703906,0,288.2,0.26,0.23,884.3,1037.6,"MULTIPOLYGON (((76.191457 11.751858, 76.180446 11.751904, 76.17498 11.761323, 76.180526 11.770697, 76.191538 11.770651, 76.197003 11.761232, 76.191457 11.751858)))"
WAY_HEX_0580,750.0,8.522029144754178,0,328.1,0.16,0.36,458.4,1510.6,"MULTIPOLYGON (((76.17498 11.761323, 76.163969 11.761368, 76.158502 11.770787, 76.164048 11.780161, 76.17506 11.780116, 76.180526 11.770697, 76.17498 11.761323)))"
WAY_HEX_0581,750.0,6.528149720031133,0,290.8,0.3,0.23,155.8,1456.2,"MULTIPOLYGON (((76.208014 11.761185, 76.197003 11.761232, 76.191538 11.770651, 76.197084 11.780024, 76.208096 11.779978, 76.213561 11.770558, 76.208014 11.761185)))"
WAY_HEX_0582,750.0,7.923113882091229,280,314.4,0.3,0.28,70.3,1021.6,"MULTIPOLYGON (((76.158502 11.770787, 76.14749 11.770832, 76.142023 11.78025, 76.147568 11.789625, 76.158581 11.78958, 76.164048 11.780161, 76.158502 11.770787)))"
WAY_HEX_0583,750.0,10.120101433034035,912,270.4,0.19,0.21,79.5,937.1,"MULTIPOLYGON (((76.191538 11.770651, 76.180526 11.770697, 76.17506 11.780116, 76.180606 11.789489, 76.191619 11.789444, 76.197084 11.780024, 76.191538 11.770651)))"
WAY_HEX_0584,750.0,8.21650549744772,858,297.1,0.24,0.3,209.6,406.0,"MULTIPOLYGON (((76.17506 11.780116, 76.164048 11.780161, 76.158581 11.78958, 76.164127 11.798954, 76.17514 11.798909, 76.180606 11.789489, 76.17506 11.780116)))"
WAY_HEX_0585,750.0,11.006592929081695,0,309.7,0.4,0.31,526.8,2096.8,"MULTIPOLYGON (((76.12539 11.752127, 76.114378 11.75217, 76.10891 11.761588, 76.114454 11.770963, 76.125466 11.77092, 76.130934 11.761501, 76.12539 11.752127)))"
WAY_HEX_0586,750.0,6.470825851830517,0,320.4,0.34,0.2,403.8,3077.4,"MULTIPOLYGON (((76.141945 11.761457, 76.130934 11.761501, 76.125466 11.77092, 76.131011 11.780294, 76.142023 11.78025, 76.14749 11.770832, 76.141945 11.761457)))"
WAY_HEX_0587,750.0,9.868349589617665,0,321.4,0.31,0.25,1722.6,3634.6,"MULTIPOLYGON (((76.10891 11.761588, 76.097899 11.76163, 76.09243 11.771048, 76.097973 11.780424, 76.108986 11.780381, 76.114454 11.770963, 76.10891 11.761588)))"
WAY_HEX_0588,750.0,7.241283910960363,150,348.7,0.43,0.37,621.9,2730.7,"MULTIPOLYGON (((76.09243 11.771048, 76.081417 11.77109, 76.075948 11.780508, 76.081491 11.789883, 76.092504 11.789841, 76.097973 11.780424, 76.09243 11.771048)))"
WAY_HEX_0589,750.0,7.5539722141829575,150,320.1,0.41,0.25,1464.7,3841.6,"MULTIPOLYGON (((76.125466 11.77092, 76.114454 11.770963, 76.108986 11.780381, 76.11453 11.789756, 76.125543 11.789713, 76.131011 11.780294, 76.125466 11.77092)))"
WAY_HEX_0590,750.0,9.756087799425924,280,315.2,0.42,0.33,193.5,2890.2,"MULTIPOLYGON (((76.142023 11.78025, 76.131011 11.780294, 76.125543 11.789713, 76.131088 11.799087, 76.142101 11.799043, 76.147568 11.789625, 76.142023 11.78025)))"
WAY_HEX_0591,750.0,10.944723254282364,150,352.9,0.12,0.35,1158.5,1874.8,"MULTIPOLYGON (((76.108986 11.780381, 76.097973 11.780424, 76.092504 11.789841, 76.098048 11.799217, 76.109061 11.799174, 76.11453 11.789756, 76.108986 11.780381)))"
WAY_HEX_0592,750.0,11.157915937678945,0,341.1,0.22,0.24,260.2,2863.2,"MULTIPOLYGON (((76.125543 11.789713, 76.11453 11.789756, 76.109061 11.799174, 76.114606 11.808549, 76.125619 11.808505, 76.131088 11.799087, 76.125543 11.789713)))"
WAY_HEX_0593,750.0,9.111488068468294,0,330.1,0.2,0.35,496.6,938.5,"MULTIPOLYGON (((76.092504 11.789841, 76.081491 11.789883, 76.076021 11.799301, 76.081565 11.808677, 76.092578 11.808634, 76.098048 11.799217, 76.092504 11.789841)))"
WAY_HEX_0594,750.0,9.616649746812548,897,338.9,0.45,0.29,719.3,1119.9,"MULTIPOLYGON (((76.109061 11.799174, 76.098048 11.799217, 76.092578 11.808634, 76.098123 11.81801, 76.109137 11.817967, 76.114606 11.808549, 76.109061 11.799174)))"
WAY_HEX_0595,750.0,10.269351031528666,0,274.7,0.16,0.37,3765.1,5142.2,"MULTIPOLYGON (((76.257608 11.770367, 76.246596 11.770416, 76.241133 11.779836, 76.246681 11.789208, 76.257693 11.789159, 76.263156 11.779739, 76.257608 11.770367)))"
WAY_HEX_0596,750.0,8.692551445007295,0,253.6,0.33,0.24,1592.6,1607.4,"MULTIPOLYGON (((76.224573 11.770511, 76.213561 11.770558, 76.208096 11.779978, 76.213644 11.78935, 76.224656 11.789303, 76.230121 11.779883, 76.224573 11.770511)))"
WAY_HEX_0597,750.0,9.227468066563775,0,263.5,0.18,0.36,2895.5,3350.9,"MULTIPOLYGON (((76.241133 11.779836, 76.230121 11.779883, 76.224656 11.789303, 76.230204 11.798676, 76.241217 11.798628, 76.246681 11.789208, 76.241133 11.779836)))"
WAY_HEX_0598,750.0,6.158196600310548,280,282.7,0.35,0.33,1262.9,2157.0,"MULTIPOLYGON (((76.230204 11.798676, 76.224656 11.789303, 76.213644 11.78935, 76.208179 11.79877, 76.213726 11.808143, 76.224287 11.808097, 76.225175 11.807346, 76.230204 11.798676)))"
WAY_HEX_0599,750.0,10.992053971051178,150,247.0,0.18,0.24,4445.2,5351.3,"MULTIPOLYGON (((76.257779 11.807951, 76.263242 11.798531, 76.257693 11.789159, 76.246681 11.789208, 76.241217 11.798628, 76.243949 11.803242, 76.244564 11.803034, 76.246296 11.803016, 76.248955 11.804112, 76.253779 11.80649, 76.256627 11.807956, 76.257779 11.807951)))"
WAY_HEX_0600,750.0,7.241410670408802,150,273.3,0.38,0.32,2552.1,3731.2,"MULTIPOLYGON (((76.241217 11.798628, 76.230204 11.798676, 76.225175 11.807346, 76.22667 11.806078, 76.236455 11.803908, 76.23866 11.80338, 76.241394 11.804109, 76.243949 11.803242, 76.241217 11.798628)))"
WAY_HEX_0601,750.0,11.154923565852304,452,283.8,0.17,0.38,71.0,1630.9,"MULTIPOLYGON (((76.213726 11.808143, 76.208261 11.817562, 76.212877 11.82536, 76.213133 11.825066, 76.213633 11.82397, 76.214089 11.823627, 76.214627 11.823358, 76.215648 11.823476, 76.215857 11.822784, 76.215752 11.821928, 76.216112 11.821631, 76.216736 11.821909, 76.217024 11.821864, 76.21727 11.821399, 76.217734 11.820547, 76.218208 11.81965, 76.218051 11.814978, 76.221876 11.810141, 76.224287 11.808097, 76.213726 11.808143)))"
WAY_HEX_0602,750.0,9.393708835240975,0,265.1,0.36,0.28,4568.2,6138.9,"MULTIPOLYGON (((76.257779 11.807951, 76.256627 11.807956, 76.256925 11.808109, 76.258093 11.808482, 76.257779 11.807951)))"
WAY_HEX_0603,750.0,9.826064561764394,150,272.8,0.14,0.18,65.3,236.3,"MULTIPOLYGON (((76.208343 11.836355, 76.212458 11.843304, 76.212823 11.843313, 76.213228 11.842758, 76.213023 11.84166, 76.211932 11.840685, 76.211711 11.84017, 76.211953 11.839778, 76.212158 11.839363, 76.211963 11.838454, 76.211502 11.836097, 76.210786 11.834142, 76.210937 11.833422, 76.211124 11.832721, 76.210936 11.831887, 76.208343 11.836355)))"
WAY_HEX_0604,750.0,9.114345092962324,280,292.2,0.2,0.37,353.1,537.7,"MULTIPOLYGON (((76.208096 11.779978, 76.197084 11.780024, 76.191619 11.789444, 76.197166 11.798817, 76.208179 11.79877, 76.213644 11.78935, 76.208096 11.779978)))"
WAY_HEX_0605,750.0,5.9079669267809605,0,323.1,0.14,0.21,207.0,1379.5,"MULTIPOLYGON (((76.158581 11.78958, 76.147568 11.789625, 76.142101 11.799043, 76.147646 11.808417, 76.15866 11.808373, 76.164127 11.798954, 76.158581 11.78958)))"
WAY_HEX_0606,750.0,6.826863825045949,0,309.3,0.33,0.18,139.6,2149.7,"MULTIPOLYGON (((76.191619 11.789444, 76.180606 11.789489, 76.17514 11.798909, 76.180687 11.808282, 76.1917 11.808236, 76.197166 11.798817, 76.191619 11.789444)))"
WAY_HEX_0607,750.0,8.721300687175287,0,303.7,0.39,0.31,513.3,1426.6,"MULTIPOLYGON (((76.17514 11.798909, 76.164127 11.798954, 76.15866 11.808373, 76.164206 11.817746, 76.17522 11.817701, 76.180687 11.808282, 76.17514 11.798909)))"
WAY_HEX_0608,750.0,8.32359189916853,889,267.7,0.15,0.35,503.0,688.5,"MULTIPOLYGON (((76.208179 11.79877, 76.197166 11.798817, 76.1917 11.808236, 76.197247 11.817609, 76.208261 11.817562, 76.213726 11.808143, 76.208179 11.79877)))"
WAY_HEX_0609,750.0,10.367344318763116,0,319.1,0.32,0.27,667.2,718.4,"MULTIPOLYGON (((76.15866 11.808373, 76.147646 11.808417, 76.142178 11.817836, 76.147725 11.82721, 76.158739 11.827165, 76.164206 11.817746, 76.15866 11.808373)))"
WAY_HEX_0610,750.0,6.092699310446074,0,287.8,0.38,0.33,134.5,1563.2,"MULTIPOLYGON (((76.1917 11.808236, 76.180687 11.808282, 76.17522 11.817701, 76.180767 11.827075, 76.191781 11.827029, 76.197247 11.817609, 76.1917 11.808236)))"
WAY_HEX_0611,750.0,8.597260845780992,0,275.6,0.41,0.32,201.7,1243.5,"MULTIPOLYGON (((76.208261 11.817562, 76.197247 11.817609, 76.191781 11.827029, 76.197329 11.836402, 76.208343 11.836355, 76.210936 11.831887, 76.210702 11.830847, 76.210062 11.82924, 76.210016 11.828101, 76.210417 11.827673, 76.211137 11.827773, 76.211247 11.827456, 76.211146 11.826775, 76.211456 11.826374, 76.212212 11.826123, 76.212877 11.82536, 76.208261 11.817562)))"
WAY_HEX_0612,750.0,8.825301261478451,0,284.1,0.23,0.32,837.9,872.4,"MULTIPOLYGON (((76.17522 11.817701, 76.164206 11.817746, 76.158739 11.827165, 76.164286 11.836539, 76.1753 11.836494, 76.180767 11.827075, 76.17522 11.817701)))"
WAY_HEX_0613,750.0,6.030269239408112,0,311.3,0.37,0.31,357.6,1595.7,"MULTIPOLYGON (((76.158739 11.827165, 76.147725 11.82721, 76.142256 11.836629, 76.147803 11.846003, 76.158818 11.845958, 76.164286 11.836539, 76.158739 11.827165)))"
WAY_HEX_0614,750.0,11.30281386184743,150,306.5,0.33,0.33,1207.2,1401.5,"MULTIPOLYGON (((76.142101 11.799043, 76.131088 11.799087, 76.125619 11.808505, 76.131165 11.81788, 76.142178 11.817836, 76.147646 11.808417, 76.142101 11.799043)))"
WAY_HEX_0615,750.0,10.737171308045752,150,342.9,0.15,0.36,1514.5,2895.4,"MULTIPOLYGON (((76.125619 11.808505, 76.114606 11.808549, 76.109137 11.817967, 76.114682 11.827342, 76.125696 11.827298, 76.131165 11.81788, 76.125619 11.808505)))"
WAY_HEX_0616,750.0,10.748069303335278,828,340.6,0.34,0.2,50.3,1702.6,"MULTIPOLYGON (((76.092578 11.808634, 76.081565 11.808677, 76.076094 11.818094, 76.081638 11.82747, 76.092653 11.827428, 76.098123 11.81801, 76.092578 11.808634)))"
WAY_HEX_0617,750.0,10.64048917123555,0,316.8,0.43,0.36,1620.2,2753.6,"MULTIPOLYGON (((76.109137 11.817967, 76.098123 11.81801, 76.092653 11.827428, 76.098198 11.836803, 76.109212 11.83676, 76.114682 11.827342, 76.109137 11.817967)))"
WAY_HEX_0618,750.0,10.759688601861015,0,332.3,0.41,0.38,1992.2,1617.3,"MULTIPOLYGON (((76.142178 11.817836, 76.131165 11.81788, 76.125696 11.827298, 76.131242 11.836673, 76.142256 11.836629, 76.147725 11.82721, 76.142178 11.817836)))"
WAY_HEX_0619,750.0,8.568101236375913,0,327.4,0.22,0.21,2039.2,3653.1,"MULTIPOLYGON (((76.125696 11.827298, 76.114682 11.827342, 76.109212 11.83676, 76.114758 11.846135, 76.125773 11.846091, 76.131242 11.836673, 76.125696 11.827298)))"
WAY_HEX_0620,750.0,5.799375881110491,1446,330.0,0.12,0.31,1236.8,2569.6,"MULTIPOLYGON (((76.092653 11.827428, 76.081638 11.82747, 76.076168 11.836887, 76.081712 11.846263, 76.092727 11.846221, 76.098198 11.836803, 76.092653 11.827428)))"
WAY_HEX_0621,750.0,7.688570327848634,0,294.9,0.15,0.33,644.3,3976.4,"MULTIPOLYGON (((76.109212 11.83676, 76.098198 11.836803, 76.092727 11.846221, 76.098273 11.855596, 76.109288 11.855553, 76.114758 11.846135, 76.109212 11.83676)))"
WAY_HEX_0622,750.0,9.257491085667986,0,335.5,0.33,0.19,1812.8,3013.1,"MULTIPOLYGON (((76.142335 11.855422, 76.147803 11.846003, 76.142256 11.836629, 76.131242 11.836673, 76.125773 11.846091, 76.129942 11.853139, 76.130137 11.853158, 76.132274 11.853835, 76.133547 11.854842, 76.133912 11.855455, 76.142335 11.855422)))"
WAY_HEX_0623,750.0,8.51289670624501,0,347.6,0.28,0.38,708.6,2263.9,"MULTIPOLYGON (((76.092727 11.846221, 76.081712 11.846263, 76.076241 11.855681, 76.081786 11.865056, 76.092802 11.865014, 76.098273 11.855596, 76.092727 11.846221)))"
WAY_HEX_0624,750.0,10.30949800859505,517,286.4,0.4,0.26,337.0,1330.0,"MULTIPOLYGON (((76.191781 11.827029, 76.180767 11.827075, 76.1753 11.836494, 76.180848 11.845867, 76.191863 11.845821, 76.197329 11.836402, 76.191781 11.827029)))"
WAY_HEX_0625,750.0,8.681657597913805,626,290.8,0.24,0.36,173.6,1237.8,"MULTIPOLYGON (((76.208343 11.836355, 76.197329 11.836402, 76.191863 11.845821, 76.197411 11.855194, 76.208426 11.855147, 76.208777 11.854543, 76.208718 11.853942, 76.20945 11.852932, 76.209301 11.851491, 76.210021 11.850416, 76.209738 11.849628, 76.210335 11.848676, 76.21029 11.847482, 76.210754 11.846439, 76.21112 11.845506, 76.210686 11.844931, 76.210672 11.844543, 76.211702 11.844334, 76.212217 11.84407, 76.211953 11.843528, 76.21208 11.843295, 76.212458 11.843304, 76.208343 11.836355)))"
WAY_HEX_0626,750.0,5.979187274791366,280,315.2,0.27,0.32,783.9,565.1,"MULTIPOLYGON (((76.1753 11.836494, 76.164286 11.836539, 76.158818 11.845958, 76.164365 11.855332, 76.17538 11.855286, 76.180848 11.845867, 76.1753 11.836494)))"
WAY_HEX_0627,750.0,9.4320474168816,2148,294.5,0.34,0.32,234.1,1207.8,"MULTIPOLYGON (((76.191863 11.845821, 76.180848 11.845867, 76.17538 11.855286, 76.180929 11.86466, 76.191944 11.864613, 76.197411 11.855194, 76.191863 11.845821)))"
WAY_HEX_0628,750.0,5.76092932072069,780,289.2,0.25,0.34,42.4,1603.5,"MULTIPOLYGON (((76.158818 11.845958, 76.147803 11.846003, 76.142335 11.855422, 76.147882 11.864796, 76.158897 11.864751, 76.164365 11.855332, 76.158818 11.845958)))"
WAY_HEX_0629,750.0,8.147888186857172,0,296.6,0.41,0.38,536.5,2012.9,"MULTIPOLYGON (((76.180929 11.86466, 76.17538 11.855286, 76.164365 11.855332, 76.158897 11.864751, 76.161779 11.869621, 76.163847 11.868372, 76.165208 11.868285, 76.166924 11.868647, 76.168673 11.869561, 76.169874 11.870541, 76.170767 11.871048, 76.172114 11.871614, 76.172694 11.871812, 76.173002 11.871918, 76.173702 11.872043, 76.176808 11.871255, 76.177125 11.871211, 76.180929 11.86466)))"
WAY_HEX_0630,750.0,11.203828087035763,150,275.4,0.14,0.37,137.3,435.8,"MULTIPOLYGON (((76.208426 11.855147, 76.197411 11.855194, 76.191944 11.864613, 76.194841 11.869507, 76.195806 11.869011, 76.198761 11.867, 76.200398 11.865874, 76.201255 11.863765, 76.202328 11.862702, 76.203615 11.862344, 76.204819 11.862468, 76.20716 11.861861, 76.207697 11.860877, 76.208007 11.857205, 76.208135 11.856175, 76.208596 11.855434, 76.208426 11.855147)))"
WAY_HEX_0631,750.0,7.07431928580492,0,324.0,0.25,0.21,173.3,2565.7,"MULTIPOLYGON (((76.158897 11.864751, 76.147882 11.864796, 76.1465 11.867175, 76.146902 11.867211, 76.14765 11.866989, 76.148358 11.866741, 76.148937 11.866574, 76.149456 11.866588, 76.15021 11.867, 76.15118 11.867444, 76.153094 11.868565, 76.156136 11.870541, 76.157678 11.870789, 76.159612 11.870565, 76.161756 11.869635, 76.161779 11.869621, 76.158897 11.864751)))"
WAY_HEX_0632,750.0,9.97865157139658,0,301.7,0.36,0.3,64.9,1250.2,"MULTIPOLYGON (((76.191944 11.864613, 76.180929 11.86466, 76.177125 11.871211, 76.17945 11.870891, 76.181552 11.87105, 76.184673 11.87163, 76.186332 11.872211, 76.187923 11.872238, 76.189853 11.871851, 76.190785 11.871549, 76.191874 11.871034, 76.194841 11.869507, 76.191944 11.864613)))"
WAY_HEX_0633,750.0,7.316734798274176,0,292.1,0.31,0.23,212.4,1592.6,"MULTIPOLYGON (((76.208426 11.855147, 76.208596 11.855434, 76.208827 11.855063, 76.208777 11.854543, 76.208426 11.855147)))"
WAY_HEX_0634,750.0,10.678708184918655,984,320.2,0.37,0.34,400.8,4984.1,"MULTIPOLYGON (((76.125773 11.846091, 76.114758 11.846135, 76.109288 11.855553, 76.113886 11.863326, 76.113808 11.863069, 76.113447 11.861308, 76.112789 11.858337, 76.116304 11.857742, 76.117835 11.857086, 76.116679 11.856089, 76.117434 11.854207, 76.119162 11.852752, 76.120131 11.850607, 76.120395 11.850516, 76.122903 11.851199, 76.124495 11.852055, 76.126417 11.853025, 76.12818 11.852964, 76.129942 11.853139, 76.125773 11.846091)))"
WAY_HEX_0635,750.0,9.850662455120386,150,306.8,0.45,0.25,836.5,2923.5,"MULTIPOLYGON (((76.147882 11.864796, 76.142335 11.855422, 76.133912 11.855455, 76.134264 11.856047, 76.135062 11.857189, 76.135686 11.858023, 76.136915 11.858717, 76.138938 11.859619, 76.140683 11.861113, 76.142237 11.863129, 76.14492 11.866386, 76.145903 11.86712, 76.1465 11.867175, 76.147882 11.864796)))"
WAY_HEX_0636,750.0,9.011164171849092,0,327.5,0.43,0.32,1320.7,4313.8,"MULTIPOLYGON (((76.109288 11.855553, 76.098273 11.855596, 76.092802 11.865014, 76.098348 11.874389, 76.109364 11.874346, 76.114534 11.865445, 76.113886 11.863326, 76.109288 11.855553)))"
WAY_HEX_0637,750.0,6.477468908563506,0,330.5,0.43,0.31,1905.6,5540.4,"MULTIPOLYGON (((76.109364 11.874346, 76.112598 11.879812, 76.113612 11.874891, 76.114864 11.866526, 76.114534 11.865445, 76.109364 11.874346)))"
WAY_HEX_0638,750.0,7.539453251332254,0,332.9,0.41,0.28,1222.3,3497.4,"MULTIPOLYGON (((76.092802 11.865014, 76.081786 11.865056, 76.076315 11.874474, 76.08186 11.883849, 76.092877 11.883807, 76.098348 11.874389, 76.092802 11.865014)))"
WAY_HEX_0639,750.0,8.33619214879702,0,310.0,0.41,0.28,2780.0,5448.2,"MULTIPOLYGON (((76.109364 11.874346, 76.098348 11.874389, 76.092877 11.883807, 76.098423 11.893182, 76.10944 11.893139, 76.112036 11.88867, 76.111803 11.88763, 76.11193 11.885297, 76.11244 11.880577, 76.112598 11.879812, 76.109364 11.874346)))"
WAY_HEX_0640,750.0,6.188478100631595,0,304.1,0.24,0.18,3865.3,6884.7,"MULTIPOLYGON (((76.10944 11.893139, 76.113304 11.899669, 76.113388 11.8947, 76.112036 11.88867, 76.10944 11.893139)))"
WAY_HEX_0641,750.0,10.446749208939881,150,354.8,0.42,0.25,1360.2,5289.5,"MULTIPOLYGON (((76.092877 11.883807, 76.08186 11.883849, 76.076389 11.893267, 76.081935 11.902642, 76.092952 11.9026, 76.098423 11.893182, 76.092877 11.883807)))"
WAY_HEX_0642,750.0,10.758794186219973,0,330.8,0.16,0.2,2425.0,2542.7,"MULTIPOLYGON (((76.093103 11.940186, 76.082084 11.940228, 76.076611 11.949646, 76.082158 11.959021, 76.093178 11.958979, 76.09865 11.949561, 76.093103 11.940186)))"
WAY_HEX_0643,750.0,11.001486721420957,0,347.4,0.25,0.37,4265.7,4495.3,"MULTIPOLYGON (((76.109669 11.949518, 76.09865 11.949561, 76.093178 11.958979, 76.098726 11.968354, 76.109746 11.96831, 76.112465 11.963631, 76.112433 11.958255, 76.112486 11.954276, 76.109669 11.949518)))"
WAY_HEX_0644,750.0,10.250933501672293,280,329.9,0.37,0.28,5344.8,5666.2,"MULTIPOLYGON (((76.109746 11.96831, 76.11252 11.972997, 76.112465 11.963631, 76.109746 11.96831)))"
WAY_HEX_0645,750.0,6.33933806497248,0,353.6,0.23,0.22,2799.7,3223.5,"MULTIPOLYGON (((76.098726 11.968354, 76.093178 11.958979, 76.082158 11.959021, 76.076686 11.968439, 76.076763 11.968569, 76.078557 11.968777, 76.081569 11.968526, 76.085104 11.967688, 76.087747 11.967596, 76.08966 11.967341, 76.091629 11.96807, 76.093925 11.968599, 76.096124 11.970046, 76.097299 11.97081, 76.098726 11.968354)))"
WAY_HEX_0646,750.0,8.758308203941832,0,333.8,0.25,0.31,4971.0,5363.2,"MULTIPOLYGON (((76.109746 11.96831, 76.098726 11.968354, 76.097299 11.97081, 76.104386 11.975415, 76.108832 11.977292, 76.112554 11.978683, 76.11252 11.972997, 76.109746 11.96831)))"
WAY_HEX_0647,750.0,9.935078369986199,0,250.5,0.14,0.36,5895.3,7322.2,"MULTIPOLYGON (((76.279805 11.807853, 76.274255 11.798482, 76.263242 11.798531, 76.257779 11.807951, 76.258093 11.808482, 76.258424 11.808587, 76.260218 11.809287, 76.268161 11.809924, 76.272994 11.810752, 76.274248 11.810994, 76.275812 11.811791, 76.276639 11.812135, 76.277313 11.81215, 76.279805 11.807853)))"
WAY_HEX_0648,750.0,10.67761004716857,0,241.5,0.28,0.31,6963.0,8273.9,"MULTIPOLYGON (((76.279805 11.807853, 76.277313 11.81215, 76.277866 11.812162, 76.280493 11.811535, 76.281322 11.810524, 76.2823 11.807842, 76.279805 11.807853)))"
